Date,Price,Open,High,Low,Vol.,Change %,
3/1/2024,24.15,24,24.2,23.8,5.94M,0,84%
2/29/2024,23.95,24.25,24.25,23.8,8.67M,0,83%
2/28/2024,24.15,24.1,24.3,23.9,6.53M,0,21%
2/27/2024,24.1,23.85,24.55,23.8,11.22M,1,69%
2/26/2024,23.7,23.35,23.85,23.25,7.55M,1,7%
2/23/2024,23.45,23.85,24.1,23.35,10.10M,-1,47%
2/22/2024,23.8,24.05,24.2,23.8,7.75M,-1,4%
2/21/2024,24.05,24.45,24.45,24,8.48M,-1,3%
2/20/2024,24.3,24.55,24.55,24.25,6.17M,0,61%
2/19/2024,24.45,24.7,25,24.15,11.08M,0,61%
2/16/2024,24.6,24.75,24.9,24.55,5.65M,0,61%
2/15/2024,24.75,24.7,25.1,24.5,8.19M,1,64%
2/7/2024,24.35,24.4,24.5,24.25,4.39M,0,41%
2/6/2024,24.25,24.4,24.6,24.25,6.22M,0,21%
2/5/2024,24.3,24.35,24.7,24.25,10.44M,0,21%
2/2/2024,24.25,23.8,24.5,23.8,7.90M,1,4%
2/1/2024,24,24.15,24.35,23.9,8.92M,0,83%
1/31/2024,24.2,24.85,24.85,24.2,19.54M,-3,20%
1/30/2024,25,24.7,25.05,24.5,6.77M,1,1%
1/29/2024,24.75,25.4,25.5,24.75,9.14M,-2,56%
1/26/2024,25.4,25.3,25.45,25.1,4.77M,0,79%
1/25/2024,25.2,24.85,25.45,24.6,6.99M,1,41%
1/24/2024,24.85,25.05,25.25,24.85,5.56M,-1,0%
1/23/2024,25.1,25.3,25.3,24.9,5.24M,0,40%
1/22/2024,25.2,25.15,25.8,25,13.04M,1,0%
1/19/2024,24.95,25.2,25.35,24.8,6.87M,0,99%
1/18/2024,25.2,24.95,25.5,24.7,11.29M,1,41%
1/17/2024,24.85,25.1,25.2,24.6,12.45M,0,20%
1/16/2024,24.9,23.2,24.9,23.2,20.22M,6,87%
1/15/2024,23.3,23.6,23.65,23,3.85M,0,21%
1/12/2024,23.35,23.15,23.8,23.1,7.29M,0,64%
1/11/2024,23.5,23.25,23.5,23.25,5.29M,1,73%
1/10/2024,23.1,23.45,23.6,22.95,11.13M,-2,12%
1/9/2024,23.6,23.95,23.95,23.25,12.46M,-1,5%
1/8/2024,23.85,24.15,24.4,23.85,8.02M,-1,4%
1/5/2024,24.1,23.9,24.2,23.8,7.60M,0,0%
1/4/2024,24.1,24.2,24.45,23.8,9.05M,0,41%
1/3/2024,24.2,23.75,24.2,23.6,6.13M,1,89%
1/2/2024,23.75,24.7,24.8,23.75,10.52M,-3,65%
12/29/2023,24.65,24.6,24.65,24.45,5.50M,0,41%
12/28/2023,24.55,24.1,24.75,24.05,9.25M,1,87%
12/27/2023,24.1,24.45,24.55,24.1,6.71M,0,41%
12/26/2023,24.2,24.2,24.4,23.9,9.48M,0,41%
12/25/2023,24.1,24.35,25,24.1,11.26M,0,82%
12/22/2023,24.3,24.45,24.75,24,7.40M,0,0%
12/21/2023,24.3,23.8,24.65,23.7,12.57M,1,25%
12/20/2023,24,23.9,24.1,23.75,6.52M,0,0%
12/19/2023,24,22.8,24,22.75,11.20M,5,49%
12/18/2023,22.75,23.3,23.4,22.75,5.22M,-2,15%
12/15/2023,23.25,22.75,23.35,22.65,7.26M,1,97%
12/14/2023,22.8,23.1,23.15,22.6,7.71M,0,44%
12/13/2023,22.7,23.5,23.65,22.7,10.49M,-2,78%
12/12/2023,23.35,23.45,23.8,23.3,6.62M,0,43%
12/11/2023,23.25,23.3,23.5,22.85,7.12M,0,21%
12/8/2023,23.3,23.5,24.4,23.2,13.08M,0,0%
12/7/2023,23.3,23.9,23.95,22.6,15.72M,-1,69%
12/6/2023,23.7,23.5,23.8,23.15,12.30M,0,64%
12/5/2023,23.55,23.95,23.95,23.35,10.47M,-1,26%
12/4/2023,23.85,23.35,24.2,22.95,14.43M,4,15%
12/1/2023,22.9,23.25,23.25,22.2,15.84M,0,43%
11/30/2023,23,22.95,23.45,22.7,12.68M,0,44%
11/29/2023,22.9,22.8,23.4,22.6,16.68M,0,44%
11/28/2023,22.8,21.85,22.8,21.65,17.32M,4,59%
11/27/2023,21.8,22.1,22.45,21.75,8.93M,-1,36%
11/24/2023,22.1,21.35,22.1,20.8,17.66M,4,49%
11/23/2023,21.15,22.9,23,21.15,17.64M,-6,83%
11/22/2023,22.7,22.2,22.7,21.95,11.80M,2,25%
11/21/2023,22.2,22.6,23.25,22.2,17.53M,0,0%
11/20/2023,22.2,21.35,22.3,21.35,13.30M,1,60%
11/17/2023,21.85,21.7,22.25,21.35,21.62M,1,16%
11/16/2023,21.6,21.3,21.6,21.1,9.15M,0,70%
11/15/2023,21.45,22.55,22.55,21.3,17.05M,0,69%
11/14/2023,21.6,21.9,21.9,21.1,13.70M,0,47%
11/13/2023,21.5,20.6,21.75,20.5,19.79M,4,88%
11/10/2023,20.5,20.5,21.45,20.45,15.28M,-1,20%
11/9/2023,20.75,21,21.5,20.7,14.86M,0,48%
11/8/2023,20.65,19.3,20.65,19.25,15.43M,6,99%
11/7/2023,19.3,19.35,19.7,19.05,7.86M,-1,3%
11/6/2023,19.5,19.25,19.5,19.15,7.83M,1,30%
11/3/2023,19.25,19.1,19.45,18.75,9.84M,0,79%
11/2/2023,19.1,18.15,19.15,18.1,10.48M,6,70%
11/1/2023,17.9,17.6,17.9,17.25,5.63M,2,29%
10/31/2023,17.5,18,18.25,17.4,6.81M,-2,78%
10/30/2023,18,18,18.7,17.95,7.30M,0,0%
10/27/2023,18,17.65,18.05,17.15,4.83M,4,5%
10/26/2023,17.3,18.1,18.6,17.3,10.71M,-6,99%
10/25/2023,18.6,18.7,19.3,18.45,5.02M,0,27%
10/24/2023,18.65,18.55,18.65,18.15,4.32M,0,81%
10/23/2023,18.5,18.5,18.7,18.05,5.46M,0,54%
10/20/2023,18.4,17.8,18.5,17.5,6.10M,3,8%
10/19/2023,17.85,17.8,18.25,17.25,5.34M,-1,11%
10/18/2023,18.05,19,19,17.3,12.44M,-2,96%
10/17/2023,18.6,20.1,20.25,18.6,7.38M,-6,53%
10/16/2023,19.9,20.6,20.8,19.9,8.19M,-3,16%
10/13/2023,20.55,19.95,20.55,19.8,7.25M,1,23%
10/12/2023,20.3,20.6,20.85,20.1,7.10M,0,98%
10/11/2023,20.5,19.95,20.5,19.85,7.16M,2,76%
10/10/2023,19.95,20.2,20.35,19.95,7.60M,0,0%
10/9/2023,19.95,19.3,19.95,19.05,9.84M,4,18%
10/6/2023,19.15,18.6,19.15,18.3,5.01M,2,96%
10/5/2023,18.6,19.35,19.45,18.55,5.60M,-3,13%
10/4/2023,19.2,17.8,19.4,17.8,7.73M,3,50%
10/3/2023,18.55,19.5,19.55,18.55,11.66M,-6,78%
10/2/2023,19.9,19.75,20.15,19.55,4.30M,0,76%
9/29/2023,19.75,20.1,20.25,19.6,4.91M,0,75%
9/28/2023,19.9,19.9,19.95,19.1,6.80M,0,76%
9/27/2023,19.75,19,19.75,18.6,6.86M,4,77%
9/26/2023,18.85,18.8,19.9,18.8,9.39M,-2,84%
9/25/2023,19.4,20.35,21,19.4,13.53M,-6,95%
9/22/2023,20.85,21.5,21.85,20.85,27.47M,-6,92%
9/21/2023,22.4,22.85,23.65,22.4,17.77M,-1,97%
9/20/2023,22.85,22.7,22.95,22.5,8.01M,0,66%
9/19/2023,22.7,21.85,22.7,21,14.73M,5,34%
9/18/2023,21.55,21.5,22.2,21.4,11.57M,0,23%
9/15/2023,21.5,21.35,22,20.9,10.24M,0,94%
9/14/2023,21.3,22.05,22.1,21,11.95M,-3,40%
9/13/2023,22.05,21.85,22.8,21.25,16.99M,1,38%
9/12/2023,21.75,21,21.8,20.75,12.52M,3,57%
9/11/2023,21,22,22,21,15.85M,-3,89%
9/8/2023,21.85,20.9,21.95,20.7,16.08M,4,55%
9/7/2023,20.9,21.35,21.45,20.8,12.06M,-1,18%
9/6/2023,21.15,19.9,21.15,19.55,21.03M,6,82%
9/5/2023,19.8,19.6,19.9,19.4,12.00M,2,59%
8/31/2023,19.3,19,19.5,19,10.37M,2,66%
8/30/2023,18.8,18.4,18.9,18.3,7.17M,2,17%
8/29/2023,18.4,18.7,18.75,18.3,5.20M,-1,8%
8/28/2023,18.6,18.2,18.6,18.15,6.38M,2,76%
8/25/2023,18.1,18.4,18.45,18.05,6.89M,-1,63%
8/24/2023,18.4,17.9,18.4,17.75,5.75M,2,79%
8/23/2023,17.9,18.2,18.2,17.9,4.14M,0,0%
8/22/2023,17.9,17.8,18.1,16.9,9.77M,1,13%
8/21/2023,17.7,18.4,18.6,17.7,10.04M,-4,84%
8/18/2023,18.6,19.75,19.85,18.6,15.78M,-7,0%
8/17/2023,20,20.4,20.65,20,15.88M,-1,48%
8/16/2023,20.3,20.4,20.4,20,6.03M,0,49%
8/15/2023,20.4,20.4,20.5,20,7.74M,0,49%
8/14/2023,20.3,19.7,20.5,19.6,17.78M,4,10%
8/11/2023,19.5,19.1,19.7,18.65,10.06M,2,63%
8/10/2023,19,19.6,19.6,19,5.53M,-2,81%
8/9/2023,19.55,19.25,19.6,18.95,10.50M,1,56%
8/8/2023,19.25,19.35,19.55,19.2,9.89M,0,0%
8/7/2023,19.25,19.4,19.45,19.1,7.52M,0,0%
8/4/2023,19.25,18.85,19.25,18.8,6.24M,2,12%
8/3/2023,18.85,19.2,19.2,18.65,12.37M,-1,82%
8/2/2023,19.2,19,19.4,18.8,6.25M,0,79%
8/1/2023,19.05,19.7,19.7,19.05,12.10M,-3,30%
7/31/2023,19.7,20.25,20.25,19.3,10.70M,0,51%
7/28/2023,19.8,19.75,20.15,19.5,8.54M,0,76%
7/27/2023,19.65,19.65,19.8,19.2,7.43M,0,0%
7/26/2023,19.65,19.6,20.1,19.5,8.40M,0,26%
7/25/2023,19.6,19.6,19.75,19.4,7.86M,0,0%
7/24/2023,19.6,19.75,19.9,19.45,7.56M,0,51%
7/21/2023,19.7,19.3,19.8,19.2,8.24M,2,60%
7/20/2023,19.2,19,19.3,18.8,8.88M,0,79%
7/19/2023,19.05,19.2,19.3,18.9,10.62M,0,26%
7/18/2023,19.1,19.4,19.4,19.05,8.96M,-1,80%
7/17/2023,19.45,19.55,19.8,19.3,6.97M,0,52%
7/14/2023,19.35,18.85,19.35,18.7,14.63M,3,75%
7/13/2023,18.65,18.9,18.95,18.6,5.10M,0,27%
7/12/2023,18.6,18.75,18.8,18.25,8.86M,0,27%
7/11/2023,18.65,18.75,18.95,18.55,11.05M,0,80%
7/10/2023,18.8,18.55,18.9,18.4,11.24M,2,17%
7/7/2023,18.4,17.4,18.45,17.2,15.39M,5,14%
7/6/2023,17.5,17.7,17.9,17.2,8.69M,-1,13%
7/5/2023,17.7,17.65,18.1,17.45,18.04M,1,14%
7/4/2023,17.5,17.25,17.5,17.05,10.70M,1,74%
7/3/2023,17.2,17.4,17.4,17.2,4.94M,0,29%
6/30/2023,17.25,17.15,17.35,17.1,5.68M,0,0%
6/29/2023,17.25,18.15,18.2,17.25,14.87M,-4,96%
6/28/2023,18.15,18.05,18.35,18,10.93M,0,55%
6/27/2023,18.05,18.25,18.25,17.75,7.50M,0,28%
6/26/2023,18.1,18.2,18.4,17.5,12.45M,0,55%
6/23/2023,18.2,17.8,18.25,17.7,16.01M,2,82%
6/22/2023,17.7,17.8,17.9,17.6,11.37M,0,0%
6/21/2023,17.7,16.9,17.75,16.85,17.54M,4,42%
6/20/2023,16.95,16.4,16.95,16.4,5.81M,3,35%
6/19/2023,16.4,16.8,16.8,16.4,7.32M,-2,38%
6/16/2023,16.8,16.9,17.2,16.65,15.75M,0,30%
6/15/2023,16.75,17.1,17.15,16.65,13.48M,-2,5%
6/14/2023,17.1,17.5,17.5,17.05,8.97M,-2,1%
6/13/2023,17.45,16.6,17.6,16.4,21.31M,5,76%
6/12/2023,16.5,16.75,16.8,16.1,10.79M,-1,20%
6/9/2023,16.7,16.4,16.7,16.15,10.67M,2,45%
6/8/2023,16.3,16.7,16.85,16.3,16.30M,-2,40%
6/7/2023,16.7,16.75,17.15,16.65,13.09M,1,83%
6/6/2023,16.4,16.2,16.55,16.05,10.30M,0,92%
6/5/2023,16.25,16.3,16.65,16,13.97M,2,52%
6/2/2023,15.85,15.5,16.1,15.35,15.21M,3,26%
6/1/2023,15.35,15.5,15.55,15.05,9.53M,0,97%
5/31/2023,15.5,15.6,15.8,15.4,12.53M,0,0%
5/30/2023,15.5,15.25,15.6,15.15,16.87M,2,31%
5/29/2023,15.15,14.8,15.2,14.65,6.98M,3,6%
5/26/2023,14.7,14.9,14.9,14.6,4.75M,-1,1%
5/25/2023,14.85,14.7,14.95,14.6,4.06M,0,34%
5/24/2023,14.8,15.2,15.2,14.8,6.70M,-1,99%
5/23/2023,15.1,15.3,15.4,15,5.21M,0,98%
5/22/2023,15.25,14.6,15.3,14.6,8.64M,4,45%
5/19/2023,14.6,14.55,14.75,14.5,3.72M,0,34%
5/18/2023,14.55,14.55,14.65,14.4,5.89M,0,34%
5/17/2023,14.5,14.8,14.9,14.5,7.63M,-2,3%
5/16/2023,14.8,15,15.15,14.7,5.61M,-1,33%
5/15/2023,15,15.6,15.6,15,8.95M,-2,60%
5/12/2023,15.4,15.2,15.6,15.2,7.82M,1,32%
5/11/2023,15.2,15.2,15.5,15.05,8.51M,0,33%
5/10/2023,15.15,15.05,15.2,14.95,4.72M,0,66%
5/9/2023,15.05,14.7,15.1,14.6,11.87M,3,79%
5/8/2023,14.5,14.7,14.7,14.5,2.76M,0,0%
5/5/2023,14.5,14.4,14.75,14.3,3.18M,0,69%
5/4/2023,14.4,14.5,14.7,14.3,3.35M,-1,3%
4/28/2023,14.55,14.5,14.65,14.45,3.12M,0,34%
4/27/2023,14.5,14.8,14.85,14.5,2.54M,-2,3%
4/26/2023,14.8,14.1,14.8,14,5.07M,4,96%
4/25/2023,14.1,14,14.5,13.9,3.83M,1,81%
4/24/2023,13.85,14.15,14.2,13.8,5.18M,-2,12%
4/21/2023,14.15,14.6,14.6,14.05,7.16M,-3,41%
4/20/2023,14.65,14.65,14.7,14.5,3.07M,0,0%
4/19/2023,14.65,14.9,15,14.65,3.68M,-1,68%
4/18/2023,14.9,14.9,15,14.8,3.26M,0,68%
4/17/2023,14.8,14.6,14.9,14.6,2.53M,1,2%
4/14/2023,14.65,14.75,14.95,14.6,6.85M,0,34%
4/13/2023,14.6,14.75,14.8,14.5,4.00M,0,68%
4/12/2023,14.7,14.9,15,14.7,4.07M,-1,34%
4/11/2023,14.9,14.4,14.9,14.4,5.87M,3,11%
4/10/2023,14.45,14.65,14.95,14.4,12.80M,-2,36%
4/7/2023,14.8,15.1,15.25,14.7,12.32M,-2,31%
4/6/2023,15.15,15.5,15.6,15.15,13.64M,-1,94%
4/5/2023,15.45,15.3,15.5,15.2,9.15M,0,98%
4/4/2023,15.3,15.05,15.45,15.05,7.83M,0,99%
4/3/2023,15.15,15.45,15.65,15.1,14.41M,-1,62%
3/31/2023,15.4,15.6,15.9,15,20.45M,-1,91%
3/30/2023,15.7,16.5,16.65,15.7,26.11M,-4,27%
3/29/2023,16.4,16.05,16.6,16.05,9.10M,2,18%
3/28/2023,16.05,16.5,16.5,16.05,8.42M,-1,53%
3/27/2023,16.3,15.9,16.4,15.75,9.86M,2,52%
3/24/2023,15.9,16.05,16.2,15.75,7.87M,0,0%
3/23/2023,15.9,15.4,16,15.35,7.34M,1,92%
3/22/2023,15.6,15.95,15.95,15.6,4.70M,-1,27%
3/21/2023,15.8,15.35,15.8,15,8.65M,4,29%
3/20/2023,15.15,15.6,15.9,15.1,9.61M,-3,50%
3/17/2023,15.7,16,16.1,15.6,6.59M,0,32%
3/16/2023,15.75,15.95,16.25,15.65,9.03M,-3,67%
3/15/2023,16.35,15.95,16.35,15.8,8.92M,5,83%
3/14/2023,15.45,16.4,16.4,15.35,21.20M,-5,79%
3/13/2023,16.4,16.5,16.8,16.2,8.54M,-1,80%
3/10/2023,16.7,16.4,16.7,16.1,14.94M,0,30%
3/9/2023,16.65,16.8,17.1,16.65,14.45M,0,30%
3/8/2023,16.7,16.35,16.7,16.25,13.32M,1,21%
3/7/2023,16.5,15.6,16.55,15.5,24.60M,6,45%
3/6/2023,15.5,15.8,16,15,8.15M,0,98%
3/3/2023,15.35,15.5,16.15,15.35,18.75M,0,0%
3/2/2023,15.35,15.3,15.7,15.1,10.09M,1,66%
3/1/2023,15.1,14.15,15.1,13.95,8.22M,6,71%
2/28/2023,14.15,14.5,14.65,13.95,6.48M,0,35%
2/27/2023,14.2,14.8,14.8,14.2,10.33M,-5,33%
2/24/2023,15,15.7,15.75,14.9,7.63M,-3,85%
2/23/2023,15.6,15.05,15.6,14.5,13.39M,2,97%
2/22/2023,15.15,14.9,16,14.9,20.54M,0,98%
2/21/2023,15.3,15.9,15.95,15.3,13.90M,-2,86%
2/20/2023,15.75,15.35,15.8,15.3,13.92M,3,62%
2/17/2023,15.2,15.1,15.35,14.9,10.86M,1,0%
2/16/2023,15.05,14.3,15.05,14.1,13.95M,6,74%
2/15/2023,14.1,13.8,14.45,13.7,9.54M,2,17%
2/14/2023,13.8,13.65,14.05,13.6,6.11M,2,22%
2/13/2023,13.5,13.35,13.7,12.9,7.33M,0,0%
2/10/2023,13.5,13.65,13.9,13.3,6.52M,-1,10%
2/9/2023,13.65,14,14.2,13.65,4.43M,-2,50%
2/8/2023,14,13.4,14.05,12.85,11.11M,6,46%
2/7/2023,13.15,14.1,14.4,13.15,13.33M,-6,74%
2/6/2023,14.1,14,14.2,13.7,6.13M,0,0%
2/3/2023,14.1,14.2,14.55,13.7,8.19M,0,0%
2/2/2023,14.1,14.8,14.95,14.05,11.99M,-4,73%
2/1/2023,14.8,15.95,16.3,14.8,26.77M,-6,92%
1/31/2023,15.9,15.6,15.9,15.45,9.63M,0,95%
1/30/2023,15.75,15.85,16.4,15.4,12.15M,0,0%
1/27/2023,15.75,15.5,16,15.05,13.39M,1,61%
1/19/2023,15.5,15.35,15.65,15.1,11.76M,0,32%
1/18/2023,15.45,15.7,15.8,15.3,8.39M,0,32%
1/17/2023,15.5,14.75,15.5,14.6,16.06M,6,90%
1/16/2023,14.5,14.15,14.7,13.95,9.38M,3,20%
1/13/2023,14.05,14.45,14.7,13.9,7.79M,0,71%
1/12/2023,14.15,14,14.3,13.8,6.48M,1,80%
1/11/2023,13.9,13.7,14.4,13.6,13.43M,2,96%
1/10/2023,13.5,13.1,13.7,12.6,9.01M,3,5%
1/9/2023,13.1,13.65,13.65,13.1,7.65M,-1,13%
1/6/2023,13.25,13.8,13.95,13.1,8.65M,-4,33%
1/5/2023,13.85,13.45,13.95,13.1,9.74M,3,75%
1/4/2023,13.35,13.6,13.8,13.25,7.89M,1,91%
1/3/2023,13.1,12.35,13.1,12.35,8.70M,6,94%
12/30/2022,12.25,12.45,12.5,12.1,3.90M,0,0%
12/29/2022,12.25,12.35,12.6,12,5.60M,0,81%
12/28/2022,12.35,12.6,12.75,12.35,5.82M,0,0%
12/27/2022,12.35,11.5,12.35,11.3,9.21M,6,93%
12/26/2022,11.55,12.05,12.35,11.55,12.09M,-6,85%
12/23/2022,12.4,13.25,13.3,12.4,12.51M,-6,77%
12/22/2022,13.3,14,14.15,12.9,10.90M,-3,62%
12/21/2022,13.8,14.9,14.95,13.65,13.40M,-5,80%
12/20/2022,14.65,14.1,14.9,13.35,25.88M,3,90%
12/19/2022,14.1,14.5,15.05,14.1,20.97M,0,0%
12/16/2022,14.1,13,14.1,13,15.19M,6,82%
12/15/2022,13.2,12.8,13.4,12.8,11.71M,1,54%
12/14/2022,13,13.3,13.5,12.9,10.37M,0,0%
12/13/2022,13,12.45,13,11.95,9.15M,4,42%
12/12/2022,12.45,13.5,13.8,12.4,12.49M,-6,39%
12/9/2022,13.3,12.8,13.45,12.35,11.99M,4,72%
12/8/2022,12.7,12.1,12.7,12.05,12.38M,6,72%
12/7/2022,11.9,11.95,12.4,11.65,14.65M,-4,80%
12/6/2022,12.5,13.3,13.35,12.5,22.94M,-6,72%
12/5/2022,13.4,13.3,13.4,12.8,13.86M,6,77%
12/2/2022,12.55,11.7,12.55,11.65,12.68M,6,81%
12/1/2022,11.75,11.3,11.75,11.2,27.61M,6,82%
11/30/2022,11,10.9,11.25,10.55,10.02M,1,38%
11/29/2022,10.85,10.7,11.2,10.15,12.84M,2,84%
11/28/2022,10.55,10.3,10.55,10.1,12.16M,6,57%
11/25/2022,9.9,9.49,9.9,9.35,6.66M,6,57%
11/24/2022,9.29,8.5,9.29,8.42,6.61M,6,78%
11/23/2022,8.7,9.1,9.4,8.7,6.96M,-5,43%
11/22/2022,9.2,9.65,10.15,9.1,12.63M,-4,76%
11/21/2022,9.66,9.13,9.66,9.1,7.18M,6,74%
11/18/2022,9.05,8.79,9.05,8.4,17.25M,6,97%
11/17/2022,8.46,8.44,8.46,8.2,3.72M,6,95%
11/16/2022,7.91,6.98,7.91,6.89,8.09M,6,89%
11/15/2022,7.4,7.72,8.18,7.4,7.99M,-6,92%
11/14/2022,7.95,7.87,8.16,7.83,9.05M,-5,47%
11/11/2022,8.41,8.51,9.05,8.41,10.95M,-6,97%
11/10/2022,9.04,9.2,9.5,9.04,4.19M,-7,0%
11/9/2022,9.72,10.45,10.7,9.72,8.39M,-6,99%
11/8/2022,10.45,10.45,10.8,10.45,7.01M,-6,70%
11/7/2022,11.2,11.6,12,11.2,7.31M,-6,67%
11/4/2022,12,12.8,12.9,12,8.16M,-6,98%
11/3/2022,12.9,13.25,13.4,12.8,4.04M,-4,9%
11/2/2022,13.45,12.9,13.45,12.9,6.24M,4,26%
11/1/2022,12.9,13.85,14.1,12.8,11.65M,-4,80%
10/31/2022,13.55,13.55,13.95,13.55,10.70M,-6,87%
10/28/2022,14.55,15.9,15.9,14.55,11.81M,-6,73%
10/27/2022,15.6,14.75,15.7,14.55,8.06M,5,76%
10/26/2022,14.75,15.5,15.5,14.55,3.00M,-2,96%
10/25/2022,15.2,14.5,15.75,14,8.40M,3,5%
10/24/2022,14.75,15.65,15.85,14.75,6.96M,-6,94%
10/21/2022,15.85,17.1,17.1,15.85,9.34M,-6,76%
10/20/2022,17,17,17.35,16.8,4.86M,0,0%
10/19/2022,17,17.45,17.5,17,3.94M,-3,13%
10/18/2022,17.55,17.8,17.9,17.3,5.89M,0,29%
10/17/2022,17.5,17,17.5,16.75,5.47M,0,86%
10/14/2022,17.35,17.6,17.7,17.2,6.16M,0,29%
10/13/2022,17.3,17,17.45,16.9,5.17M,0,58%
10/12/2022,17.2,16.35,17.25,16.35,7.16M,6,50%
10/11/2022,16.15,16.2,16.75,15.7,8.44M,0,0%
10/10/2022,16.15,14.75,16.15,14.6,8.79M,6,95%
10/7/2022,15.1,15.3,15.8,15.1,8.17M,-6,79%
10/6/2022,16.2,17.5,17.5,16.2,8.06M,-6,90%
10/5/2022,17.4,17.1,17.5,16.8,3.63M,4,82%
10/4/2022,16.6,17.35,17.45,16.6,7.78M,-2,64%
10/3/2022,17.05,18.3,18.3,17.05,7.26M,-6,83%
9/30/2022,18.3,18.2,18.5,17.05,8.76M,0,0%
9/29/2022,18.3,19.6,19.6,18.3,6.51M,-3,68%
9/28/2022,19,19.05,19.7,18.8,9.35M,-1,55%
9/27/2022,19.3,20.15,20.25,19.3,6.68M,-3,26%
9/26/2022,19.95,20.5,20.9,19.7,13.45M,-5,67%
9/23/2022,21.15,21.45,21.75,21.1,8.40M,-1,63%
9/22/2022,21.5,20.5,21.55,20.5,8.52M,3,12%
9/21/2022,20.85,20.6,21.3,20.4,6.71M,0,48%
9/20/2022,20.75,20.9,21.1,20,9.26M,0,48%
9/19/2022,20.65,22.2,22.35,20.65,21.12M,-6,98%
9/16/2022,22.2,23,23.1,22.1,15.91M,-4,31%
9/15/2022,23.2,23.85,23.95,23.2,10.49M,-1,90%
9/14/2022,23.65,23,23.75,22.8,17.74M,1,7%
9/13/2022,23.4,23.3,23.5,22.75,13.34M,0,43%
9/12/2022,23.3,23.3,23.85,23,17.96M,1,30%
9/9/2022,23,22.1,23,21,16.17M,5,50%
9/8/2022,21.8,22.9,22.95,21.8,13.23M,-3,33%
9/7/2022,22.55,22.85,23.2,22.35,29.13M,0,0%
9/6/2022,22.55,23.2,23.2,22.5,14.90M,0,44%
9/5/2022,22.65,21.55,22.65,21.5,27.83M,6,84%
8/31/2022,21.2,20.6,21.6,20.6,6.16M,0,71%
8/30/2022,21.05,21.55,21.8,21.05,8.10M,-1,64%
8/29/2022,21.4,21,21.5,20.65,14.24M,-2,51%
8/26/2022,21.95,22.55,22.6,21.85,10.00M,-2,44%
8/25/2022,22.5,22.15,22.8,21.95,16.97M,2,51%
8/24/2022,21.95,22.25,22.3,21.85,11.31M,0,45%
8/23/2022,22.05,21.4,22.05,21.35,8.91M,2,56%
8/22/2022,21.5,21.2,21.9,21,8.85M,0,70%
8/19/2022,21.35,21.8,22,21.25,12.75M,-2,6%
8/18/2022,21.8,21.7,22.1,21.6,8.38M,0,23%
8/17/2022,21.75,22.2,22.35,21.6,14.18M,-2,3%
8/16/2022,22.2,21.75,22.8,21.6,19.47M,2,7%
8/15/2022,21.75,21.8,22.15,21.6,10.08M,0,0%
8/12/2022,21.75,20.6,22,20.55,14.26M,5,58%
8/11/2022,20.6,21.75,21.8,20.55,16.85M,-4,19%
8/10/2022,21.5,21.7,22,21.15,12.14M,-1,38%
8/9/2022,21.8,22,22.1,21.55,11.43M,0,46%
8/8/2022,21.7,20.95,21.7,20.8,17.05M,4,8%
8/5/2022,20.85,20.4,21.05,20.3,8.94M,0,72%
8/4/2022,20.7,20.85,21.35,20.6,14.04M,0,0%
8/3/2022,20.7,19.1,20.7,19,20.93M,6,98%
8/2/2022,19.35,19.1,19.55,19.05,8.95M,1,84%
8/1/2022,19,17.8,19,17.8,15.79M,6,74%
7/29/2022,17.8,18,18.15,17.8,5.57M,0,56%
7/28/2022,17.7,17.7,18,17.55,4.79M,2,31%
7/27/2022,17.3,17.1,17.45,17.05,6.79M,-1,14%
7/26/2022,17.5,18.35,18.7,17.5,11.83M,-5,41%
7/25/2022,18.5,19,19.1,18.5,7.42M,-3,90%
7/22/2022,19.25,19.35,19.6,19.2,6.99M,-1,3%
7/21/2022,19.45,19.3,19.8,19.3,6.94M,1,4%
7/20/2022,19.25,18.9,19.55,18.8,11.25M,2,94%
7/19/2022,18.7,19.1,19.2,18.65,7.47M,-3,11%
7/18/2022,19.3,20.1,20.1,19.1,8.21M,-3,2%
7/15/2022,19.9,19.7,20.6,19.65,13.35M,2,5%
7/14/2022,19.5,19.2,19.6,18.9,6.93M,0,52%
7/13/2022,19.4,19.3,19.95,19.15,10.56M,0,52%
7/12/2022,19.3,18.8,19.8,18.5,8.62M,2,66%
7/11/2022,18.8,18.8,19.25,18.35,6.82M,-1,5%
7/8/2022,19,18.6,19.25,18.55,9.00M,3,26%
7/7/2022,18.4,18.7,18.85,17.95,4.85M,0,54%
7/6/2022,18.5,18.4,19.25,18.1,9.76M,-1,7%
7/5/2022,18.7,18.55,19.45,18.5,12.39M,0,0%
7/4/2022,18.7,19,19.1,18.5,6.41M,0,0%
7/1/2022,18.7,17.8,18.7,17.1,6.90M,5,6%
6/30/2022,17.8,18.95,19.45,17.8,8.25M,-6,7%
6/29/2022,18.95,17.8,19.2,17.8,9.02M,4,12%
6/28/2022,18.2,18.4,18.8,17.95,5.29M,-1,9%
6/27/2022,18.4,17.4,18.4,16.9,8.14M,6,36%
6/24/2022,17.3,16.85,17.9,16.8,7.84M,3,28%
6/23/2022,16.75,16.55,16.8,16.2,2.85M,1,52%
6/22/2022,16.5,16.15,16.7,15.75,7.63M,5,43%
6/21/2022,15.65,15.8,17,15.6,7.05M,-6,29%
6/20/2022,16.7,17.3,18.3,16.7,10.10M,-6,96%
6/17/2022,17.95,18.2,18.4,17.95,6.27M,-6,75%
6/16/2022,19.25,19.95,20.1,19.2,5.90M,0,26%
6/15/2022,19.3,20.2,21,19.3,9.93M,-6,76%
6/14/2022,20.7,21,21.75,20.45,9.67M,-5,69%
6/13/2022,21.95,22.6,23,21.95,8.16M,-6,99%
6/10/2022,23.6,24,24.85,23.55,10.22M,-1,5%
6/9/2022,23.85,22.5,23.85,22.3,13.55M,6,95%
6/8/2022,22.3,22.1,22.3,21.4,5.75M,4,21%
6/7/2022,21.4,22.25,22.5,21.2,5.92M,-5,73%
6/6/2022,22.7,23.8,24.05,22.5,5.01M,-4,62%
6/3/2022,23.8,23.95,24.2,23.55,5.56M,2,73%
6/2/2022,23.17,23.167,23.73,22.925,6.91M,0,0%
6/1/2022,23.17,24.092,24.132,22.925,12.67M,-3,84%
5/31/2022,24.09,24.936,24.936,23.971,9.17M,-3,39%
5/30/2022,24.94,25.178,25.178,24.735,6.74M,0,16%
5/27/2022,24.98,24.132,25.741,23.77,14.44M,3,16%
5/26/2022,24.21,24.132,24.695,24.011,5.90M,1,18%
5/25/2022,23.93,22.604,24.132,22.041,11.61M,4,94%
5/24/2022,22.81,24.293,24.494,22.443,11.37M,-5,50%
5/23/2022,24.13,23.971,24.655,23.569,8.97M,1,1%
5/20/2022,23.89,22.925,23.971,22.925,7.84M,3,48%
5/19/2022,23.09,22.684,23.448,22.684,4.55M,-1,3%
5/18/2022,23.33,23.247,23.609,22.563,8.05M,5,65%
5/17/2022,22.08,20.11,22.081,19.708,9.33M,6,81%
5/16/2022,20.67,22.201,23.006,20.673,6.59M,-6,88%
5/13/2022,22.2,22.765,23.85,22.201,6.66M,-6,91%
5/12/2022,23.85,25.298,25.54,23.85,5.76M,-6,91%
5/11/2022,25.62,25.902,26.103,24.977,5.13M,0,78%
5/10/2022,25.82,24.172,25.821,24.172,5.72M,0,0%
5/9/2022,25.82,27.028,27.631,25.821,5.21M,-6,96%
5/6/2022,27.75,26.585,29.682,26.585,6.73M,-1,15%
5/5/2022,28.07,29.159,29.159,27.068,4.90M,-1,97%
5/4/2022,28.64,29.602,29.763,28.194,6.29M,-4,69%
4/29/2022,30.04,29.28,30.165,28.958,4.25M,2,33%
4/28/2022,29.36,29.361,29.924,29.2,4.97M,0,55%
4/27/2022,29.2,28.315,29.24,27.752,5.52M,3,12%
4/26/2022,28.32,26.545,28.315,26.425,6.93M,0,0%
4/25/2022,28.32,30.406,30.688,28.315,7.10M,-6,88%
4/22/2022,30.41,31.372,31.734,28.958,6.87M,-1,56%
4/21/2022,30.89,30.245,31.17,29.723,4.99M,1,5%
4/20/2022,30.57,30.567,31.532,30.165,6.76M,0,13%
4/19/2022,30.53,33.342,33.745,30.527,6.12M,-6,99%
4/18/2022,32.82,34.589,34.589,32.337,6.33M,-5,34%
4/15/2022,34.67,34.991,35.394,34.589,3.51M,0,92%
4/14/2022,34.99,34.589,35.554,33.946,6.06M,2,59%
4/13/2022,34.11,33.664,34.107,32.337,7.85M,1,44%
4/12/2022,33.62,36.198,36.52,33.624,9.06M,-6,90%
4/8/2022,36.12,37.405,37.525,35.796,7.53M,-3,34%
4/7/2022,37.36,38.49,38.49,37.203,5.11M,-2,21%
4/6/2022,38.21,37.405,38.772,37.405,7.13M,1,17%
4/5/2022,37.77,38.37,38.893,37.485,7.10M,-1,16%
4/4/2022,38.21,38.611,38.933,38.008,5.60M,-1,4%
4/1/2022,38.61,37.163,38.973,37.043,8.85M,1,80%
3/31/2022,37.93,39.697,40.059,36.922,20.66M,-4,17%
3/30/2022,39.58,40.622,41.427,39.134,17.45M,-3,53%
3/29/2022,41.02,42.231,42.231,40.622,11.80M,-1,54%
3/28/2022,41.67,40.22,41.829,39.416,21.29M,3,70%
3/25/2022,40.18,39.255,40.542,38.732,16.60M,2,15%
3/24/2022,39.34,39.496,39.979,39.255,7.91M,0,21%
3/23/2022,39.26,40.22,40.22,39.255,10.07M,-1,11%
3/22/2022,39.7,38.048,39.697,37.405,12.55M,4,33%
3/21/2022,38.05,38.45,38.531,37.807,8.35M,2,38%
3/18/2022,37.16,36.56,37.807,35.876,9.49M,2,10%
3/17/2022,36.4,37.726,37.968,35.796,14.74M,-2,90%
3/16/2022,37.49,38.008,38.169,37.364,6.22M,0,21%
3/15/2022,37.41,36.922,37.968,35.514,19.14M,0,43%
3/14/2022,37.57,40.22,41.668,37.565,18.92M,-6,51%
3/11/2022,40.18,41.266,41.748,39.496,15.94M,-2,44%
3/10/2022,41.19,41.024,42.151,39.416,11.13M,0,0%
3/9/2022,41.19,40.14,41.346,39.416,17.67M,4,28%
3/8/2022,39.5,39.818,40.863,39.416,18.02M,-2,58%
3/7/2022,40.54,39.818,41.909,39.536,17.12M,3,38%
3/4/2022,39.21,40.22,40.381,39.013,11.62M,-2,11%
3/3/2022,40.06,38.37,40.059,37.887,18.21M,6,18%
3/2/2022,37.73,36.399,37.726,36.319,14.24M,3,65%
3/1/2022,36.4,37.405,37.968,36.238,18.89M,2,49%
2/28/2022,35.51,33.785,35.514,33.704,23.74M,6,90%
2/25/2022,33.22,32.98,33.222,32.417,10.11M,2,48%
2/24/2022,32.42,33.061,33.624,31.211,11.87M,-1,95%
2/23/2022,33.06,32.417,33.383,32.216,11.55M,1,99%
2/22/2022,32.42,32.176,32.659,31.653,11.33M,-1,23%
2/21/2022,32.82,33.624,34.107,32.819,9.18M,-1,45%
2/18/2022,33.3,31.774,33.704,31.693,11.94M,4,2%
2/17/2022,32.02,31.854,32.498,31.532,7.77M,0,76%
2/16/2022,31.77,31.13,32.096,31.05,7.62M,0,0%
2/15/2022,31.77,31.935,32.337,30.969,7.78M,0,75%
2/14/2022,32.02,31.01,32.779,31.01,9.95M,1,53%
2/11/2022,31.53,30.447,32.176,30.447,10.66M,2,48%
2/10/2022,30.77,30.567,31.693,30.245,9.24M,2,0%
2/9/2022,30.17,28.958,30.165,28.556,6.85M,6,99%
2/8/2022,28.19,26.384,28.194,26.223,7.56M,6,86%
2/7/2022,26.38,25.701,26.746,25.459,3.90M,4,46%
1/28/2022,25.26,25.58,25.58,24.816,1.90M,0,32%
1/27/2022,25.18,25.178,25.499,24.735,2.30M,0,0%
1/26/2022,25.18,25.419,25.902,25.178,2.98M,0,16%
1/25/2022,25.14,24.414,25.339,24.414,3.59M,2,97%
1/24/2022,24.41,26.143,26.223,24.414,7.40M,-6,90%
1/21/2022,26.22,26.947,26.947,26.223,3.98M,-3,55%
1/20/2022,27.19,27.35,27.35,26.626,2.26M,1,50%
1/19/2022,26.79,26.545,27.269,25.821,4.82M,0,0%
1/18/2022,26.79,28.154,28.637,26.425,6.83M,-5,67%
1/17/2022,28.4,30.004,30.487,28.395,5.68M,-5,36%
1/14/2022,30,30.406,31.05,30.004,2.61M,-1,58%
1/13/2022,30.49,30.004,31.412,29.441,7.01M,2,29%
1/12/2022,29.8,29.159,29.843,28.878,3.57M,2,35%
1/11/2022,29.12,29.361,29.883,28.436,4.01M,0,55%
1/10/2022,29.28,29.602,30.326,29.28,5.16M,0,82%
1/7/2022,29.52,29.441,30.205,29.441,3.45M,0,81%
1/6/2022,29.76,30.728,30.808,29.441,6.73M,-4,2%
1/5/2022,31.01,31.17,31.573,31.01,4.85M,0,26%
1/4/2022,31.09,31.211,31.653,31.05,3.99M,0,26%
12/31/2021,31.17,30.768,31.693,30.447,5.35M,1,97%
12/30/2021,30.57,31.211,31.372,30.286,2.22M,-1,55%
12/29/2021,31.05,29.924,31.653,29.521,5.52M,3,76%
12/28/2021,29.92,29.441,30.245,29.039,4.66M,1,9%
12/27/2021,29.6,30.406,30.487,29.361,1.97M,-1,47%
12/24/2021,30.04,29.361,30.165,28.958,3.63M,4,92%
12/23/2021,28.64,29.682,29.763,27.631,9.10M,-3,52%
12/22/2021,29.68,30.728,31.13,29.602,5.54M,-2,64%
12/21/2021,30.49,31.452,31.532,30.487,4.29M,-2,94%
12/20/2021,31.41,31.211,31.854,30.607,3.91M,0,13%
12/17/2021,31.37,32.176,32.176,31.13,7.77M,-2,99%
12/16/2021,32.34,32.739,33.061,32.136,5.32M,-1,23%
12/15/2021,32.74,32.98,33.664,32.739,5.65M,0,37%
12/14/2021,32.62,30.648,32.618,30.487,11.30M,6,99%
12/13/2021,30.49,29.924,30.487,29.602,6.41M,2,29%
12/10/2021,29.8,30.849,30.849,29.803,4.68M,-2,50%
12/9/2021,30.57,30.245,31.211,29.843,4.00M,0,26%
12/8/2021,30.49,31.854,31.854,30.366,4.91M,-2,57%
12/7/2021,31.29,30.969,31.613,30.004,7.04M,1,43%
12/6/2021,30.85,32.819,33.222,30.849,9.79M,-6,92%
12/3/2021,33.14,34.67,34.83,33.141,6.94M,-4,19%
12/2/2021,34.59,35.072,35.152,34.428,4.45M,0,69%
12/1/2021,34.83,34.589,35.313,34.589,4.77M,0,70%
11/30/2021,34.59,34.589,35.394,33.986,9.09M,1,18%
11/29/2021,34.19,33.946,34.83,33.946,5.15M,-2,7%
11/26/2021,34.91,34.348,35.313,34.147,8.95M,2,84%
11/25/2021,33.95,32.9,34.107,32.9,7.93M,2,93%
11/24/2021,32.98,34.75,34.75,32.98,11.40M,-4,98%
11/23/2021,34.71,34.187,35.152,34.187,5.29M,1,53%
11/22/2021,34.19,33.785,34.83,33.785,5.66M,1,19%
11/19/2021,33.79,34.75,35.313,33.463,11.75M,-4,55%
11/18/2021,35.39,36.922,37.002,34.991,14.62M,-4,97%
11/17/2021,37.24,37.807,38.611,37.002,11.41M,-2,73%
11/16/2021,38.29,38.611,39.335,38.249,6.26M,-1,55%
11/15/2021,38.89,39.416,39.737,38.692,7.78M,-3,1%
11/12/2021,40.1,38.088,40.18,38.088,10.38M,5,28%
11/11/2021,38.09,39.094,39.375,37.807,14.56M,-3,37%
11/10/2021,39.42,40.703,40.703,39.416,16.22M,-3,35%
11/9/2021,40.78,41.185,41.668,40.703,8.11M,0,98%
11/8/2021,41.19,41.507,41.99,40.944,7.70M,0,58%
11/5/2021,41.43,41.748,42.07,40.381,9.66M,0,59%
11/4/2021,41.19,40.622,41.829,39.416,14.63M,1,39%
11/3/2021,40.62,42.633,43.116,40.622,21.97M,-4,72%
11/2/2021,42.63,42.472,44.001,42.311,13.10M,0,56%
11/1/2021,42.87,43.438,43.598,42.392,16.38M,-2,2%
10/29/2021,43.76,44.242,44.644,43.035,23.18M,-2,16%
10/28/2021,44.73,44.242,45.449,43.84,7.21M,0,72%
10/27/2021,44.4,44.483,45.046,43.679,6.65M,0,36%
10/26/2021,44.24,41.829,44.242,41.024,12.17M,5,36%
10/25/2021,41.99,44.242,44.564,41.99,18.58M,-5,78%
10/22/2021,44.56,45.046,45.368,44.242,6.83M,0,89%
10/21/2021,44.97,44.966,45.127,44.081,8.26M,0,36%
10/20/2021,44.81,42.955,44.805,42.472,8.82M,4,70%
10/19/2021,42.79,42.553,43.196,41.748,7.10M,0,76%
10/18/2021,42.47,42.151,43.84,41.748,12.54M,1,73%
10/15/2021,41.75,39.979,41.829,39.898,11.48M,5,27%
10/14/2021,39.66,39.094,40.019,39.013,8.24M,1,54%
10/13/2021,39.05,39.255,39.576,38.852,6.14M,0,51%
10/12/2021,39.26,39.255,39.496,38.933,8.81M,0,0%
10/11/2021,39.26,39.013,39.818,38.531,8.51M,1,14%
10/8/2021,38.81,38.692,39.174,38.37,8.43M,0,0%
10/7/2021,38.81,39.094,39.174,38.531,7.01M,0,10%
10/6/2021,38.85,38.45,39.094,38.289,8.32M,1,90%
10/5/2021,38.13,38.611,38.772,38.048,8.27M,0,84%
10/4/2021,38.45,36.6,38.49,36.6,13.44M,6,70%
10/1/2021,36.04,35.072,36.037,34.991,11.93M,1,24%
9/30/2021,35.6,35.474,36.158,35.313,7.07M,0,68%
9/29/2021,35.35,35.032,35.554,34.75,6.53M,0,11%
9/28/2021,35.31,33.785,35.554,33.141,8.96M,4,52%
9/27/2021,33.79,35.474,36.278,33.785,10.62M,-5,41%
9/24/2021,35.72,35.997,36.118,35.233,8.89M,-1,33%
9/23/2021,36.2,36.761,37.686,35.876,9.52M,-1,75%
9/22/2021,36.84,37.002,37.364,36.278,5.25M,0,66%
9/21/2021,36.6,34.267,36.6,34.267,10.99M,4,48%
9/20/2021,35.03,35.876,36.359,34.911,13.75M,-3,44%
9/17/2021,36.28,35.112,37.244,35.072,10.58M,3,32%
9/16/2021,35.11,35.635,35.957,34.629,8.37M,0,46%
9/15/2021,35.27,32.98,35.273,32.699,15.40M,6,95%
9/14/2021,32.98,32.498,33.543,32.417,7.89M,0,86%
9/13/2021,32.7,33.222,33.262,32.417,10.40M,-1,81%
9/10/2021,33.3,33.383,33.543,32.779,6.15M,0,60%
9/9/2021,33.5,33.745,34.026,33.181,7.32M,0,12%
9/8/2021,33.46,32.578,33.584,32.176,11.29M,2,46%
9/7/2021,32.66,33.785,33.785,32.578,13.80M,-2,40%
9/6/2021,33.46,32.176,33.785,31.854,10.47M,5,45%
9/1/2021,31.73,31.05,31.894,30.969,12.13M,2,60%
8/31/2021,30.93,31.05,31.573,30.567,12.80M,0,65%
8/30/2021,30.73,29.602,30.728,29.521,11.87M,4,80%
8/27/2021,29.32,28.556,29.562,28.556,7.74M,0,97%
8/26/2021,29.04,29.361,29.883,28.757,10.66M,0,84%
8/25/2021,28.8,27.35,28.797,26.867,13.26M,6,87%
8/24/2021,26.95,26.988,27.269,26.545,7.16M,1,52%
8/23/2021,26.55,26.545,28.154,26.545,8.60M,0,13%
8/20/2021,26.51,27.852,27.886,26.21,19.94M,-5,61%
8/19/2021,28.09,28.355,28.456,27.886,7.26M,0,24%
8/18/2021,28.15,27.819,28.824,27.618,11.55M,1,20%
8/17/2021,27.82,26.478,27.819,26.21,20.54M,5,6%
8/16/2021,26.48,26.947,27.081,26.311,9.25M,0,38%
8/13/2021,26.38,25.607,26.378,25.305,11.91M,2,21%
8/12/2021,25.81,26.143,26.612,25.808,13.47M,-2,65%
8/11/2021,26.51,26.746,27.417,26.378,9.82M,0,75%
8/10/2021,26.71,27.081,27.115,26.21,11.83M,0,63%
8/9/2021,26.55,25.439,26.545,25.205,13.54M,4,21%
8/6/2021,25.47,25.339,25.808,25.137,10.75M,0,53%
8/5/2021,25.34,24.233,25.339,24.199,11.91M,4,42%
8/4/2021,24.27,23.328,24.4,23.261,15.82M,4,62%
8/3/2021,23.19,23.16,23.428,22.724,10.81M,0,14%
8/2/2021,23.16,22.624,23.428,22.557,9.43M,2,52%
7/30/2021,22.59,22.456,22.791,22.389,9.64M,1,51%
7/29/2021,22.26,21.618,22.255,21.417,11.15M,3,75%
7/28/2021,21.45,21.317,21.618,21.149,5.52M,0,95%
7/27/2021,21.25,21.115,21.618,20.981,7.35M,3,43%
7/26/2021,20.55,20.713,21.048,20.076,7.80M,-2,70%
7/23/2021,21.12,21.317,21.451,20.914,9.40M,-1,56%
7/22/2021,21.45,20.981,21.585,20.713,5.56M,2,7%
7/21/2021,21.02,21.652,21.752,20.78,5.21M,-1,41%
7/20/2021,21.32,20.512,21.685,20.043,9.34M,4,9%
7/19/2021,20.48,20.78,21.417,20.479,8.70M,-6,86%
7/16/2021,21.99,22.121,22.322,21.92,3.30M,0,0%
7/15/2021,21.99,21.518,22.087,21.484,4.98M,1,86%
7/14/2021,21.59,22.322,22.322,21.115,13.54M,3,4%
7/13/2021,20.95,20.78,21.115,20.11,5.80M,2,12%
7/12/2021,20.51,21.384,21.384,20.512,7.49M,-6,99%
7/9/2021,22.05,22.59,23.059,21.518,6.96M,-4,36%
7/8/2021,23.06,23.663,23.663,22.456,5.42M,-1,43%
7/7/2021,23.4,23.361,23.797,22.255,7.46M,1,90%
7/6/2021,22.96,24.668,25.104,22.959,10.37M,-6,93%
7/5/2021,24.67,24.635,25.137,24.266,5.31M,0,14%
7/2/2021,24.64,24.668,24.668,24.266,7.14M,0,96%
7/1/2021,24.4,23.864,24.936,23.797,11.71M,2,54%
6/30/2021,23.8,23.864,23.998,23.596,3.94M,0,14%
6/29/2021,23.76,23.864,24.467,23.294,4.99M,0,14%
6/28/2021,23.8,23.059,23.797,22.858,15.23M,6,93%
6/25/2021,22.26,21.652,22.255,21.518,6.11M,3,59%
6/24/2021,21.48,21.786,21.853,21.384,4.73M,0,0%
6/23/2021,21.48,21.987,21.987,21.484,4.03M,0,16%
6/22/2021,21.52,22.322,22.456,21.518,3.16M,-2,58%
6/21/2021,22.09,21.987,22.657,21.987,3.91M,0,90%
6/18/2021,22.29,21.786,22.456,21.35,6.40M,5,22%
6/17/2021,21.18,20.512,21.25,20.512,2.91M,0,32%
6/16/2021,21.25,21.853,21.953,20.78,3.41M,-2,91%
6/15/2021,21.89,21.819,21.92,21.585,3.65M,0,31%
6/14/2021,21.82,21.853,22.054,21.384,4.68M,2,4%
6/11/2021,21.38,20.177,21.451,20.177,4.44M,5,98%
6/10/2021,20.18,21.115,21.384,20.11,4.91M,-4,44%
6/9/2021,21.12,20.68,21.384,20.512,5.84M,0,16%
6/8/2021,21.08,22.121,22.624,21.082,7.82M,-6,95%
6/7/2021,22.66,23.462,23.663,21.819,5.45M,-3,29%
6/4/2021,23.43,23.126,23.462,22.925,5.24M,2,64%
6/3/2021,22.83,22.59,22.925,22.59,5.84M,1,4%
6/2/2021,22.59,22.121,22.925,21.685,7.11M,0,45%
6/1/2021,22.49,22.456,22.925,22.322,5.05M,1,82%
5/31/2021,22.09,22.02,22.121,21.451,8.42M,3,94%
5/28/2021,21.25,21.183,21.451,20.948,6.20M,1,28%
5/27/2021,20.98,21.082,21.518,20.847,6.31M,0,79%
5/26/2021,21.15,21.283,21.451,20.814,5.96M,0,63%
5/25/2021,21.28,20.512,21.451,20.445,8.92M,3,76%
5/24/2021,20.51,20.445,20.78,20.445,4.64M,0,33%
5/21/2021,20.45,20.311,20.713,20.177,5.07M,-1,29%
5/20/2021,20.71,20.646,20.78,20.445,6.82M,-1,44%
5/19/2021,21.02,20.881,21.384,20.881,7.24M,0,64%
5/18/2021,20.88,20.445,21.115,20.445,6.41M,2,98%
5/17/2021,20.28,19.842,20.445,19.708,9.35M,0,98%
5/14/2021,20.48,21.25,21.283,20.278,12.98M,-3,93%
5/13/2021,21.32,21.451,21.786,21.183,7.25M,0,31%
5/12/2021,21.38,20.914,21.451,20.814,10.38M,1,27%
5/11/2021,21.12,22.02,22.02,20.981,13.50M,-1,87%
5/10/2021,21.52,20.11,21.518,20.076,14.92M,7,0%
5/7/2021,20.11,18.535,20.144,18.535,12.52M,6,76%
5/6/2021,18.84,18.434,19.105,18.2,9.56M,1,81%
5/5/2021,18.5,18.736,19.004,18.434,7.68M,0,36%
5/4/2021,18.43,17.094,18.434,16.758,9.76M,5,77%
4/29/2021,17.43,17.362,17.63,17.194,5.76M,1,96%
4/28/2021,17.09,17.094,17.563,16.926,3.57M,0,99%
4/27/2021,16.93,16.49,17.228,15.954,4.66M,2,2%
4/26/2021,16.59,17.429,17.63,16.557,5.06M,-4,26%
4/23/2021,17.33,16.758,17.429,16.088,4.82M,2,99%
4/22/2021,16.83,17.831,18.032,16.825,9.54M,-6,69%
4/20/2021,18.03,18.702,18.769,17.831,14.13M,0,37%
4/19/2021,18.1,17.429,18.166,17.094,8.18M,5,88%
4/16/2021,17.09,17.295,17.395,16.691,6.83M,0,59%
4/15/2021,16.99,16.591,17.127,16.49,8.91M,2,63%
4/14/2021,16.56,16.088,16.624,16.054,6.48M,1,65%
4/13/2021,16.29,16.691,16.725,16.256,7.47M,-2,21%
4/12/2021,16.66,16.691,16.691,16.49,6.17M,0,81%
4/9/2021,16.52,16.222,16.624,16.222,5.02M,1,23%
4/8/2021,16.32,16.49,16.49,16.155,3.69M,0,41%
4/7/2021,16.26,15.954,16.289,15.82,5.43M,2,32%
4/6/2021,15.89,16.122,16.122,15.719,5.25M,-1,46%
4/5/2021,16.12,16.088,16.122,15.652,6.94M,1,5%
4/2/2021,15.95,16.222,16.289,15.954,4.63M,0,83%
4/1/2021,16.09,16.054,16.155,15.954,5.78M,0,42%
3/31/2021,16.02,15.887,16.356,15.686,9.29M,2,80%
3/30/2021,15.59,15.15,15.619,15.083,7.24M,3,33%
3/29/2021,15.08,14.781,15.083,14.647,5.67M,3,21%
3/26/2021,14.61,14.546,14.814,13.742,5.88M,0,46%
3/25/2021,14.55,14.613,14.747,14.345,3.78M,0,0%
3/24/2021,14.55,14.747,15.015,14.278,6.51M,-3,77%
3/23/2021,15.12,15.351,15.652,14.613,9.67M,-2,59%
3/22/2021,15.52,15.753,15.753,15.284,5.03M,0,0%
3/19/2021,15.52,15.083,15.652,15.083,5.34M,2,21%
3/18/2021,15.18,14.881,15.284,14.881,6.65M,2,95%
3/17/2021,14.75,14.714,14.881,14.613,5.56M,0,23%
3/16/2021,14.71,14.479,14.881,14.479,7.64M,1,39%
3/15/2021,14.51,14.613,14.613,14.345,5.92M,0,69%
3/12/2021,14.61,14.948,14.948,14.345,7.68M,0,91%
3/11/2021,14.75,14.412,14.781,14.278,9.92M,2,9%
3/10/2021,14.45,14.479,14.546,14.077,10.31M,0,23%
3/9/2021,14.41,14.513,15.217,14.144,10.45M,0,69%
3/8/2021,14.51,13.876,14.513,13.574,15.61M,6,91%
3/5/2021,13.57,13.139,13.675,13.004,8.38M,1,76%
3/4/2021,13.34,13.742,13.742,12.937,11.06M,-1,73%
3/3/2021,13.57,12.602,13.675,12.502,14.79M,6,2%
3/2/2021,12.8,12.937,13.072,12.569,9.87M,1,33%
3/1/2021,12.64,12.636,12.636,12.334,12.40M,6,80%
2/26/2021,11.83,10.993,11.831,10.893,22.55M,6,97%
2/25/2021,11.06,10.993,11.094,10.893,6.37M,1,23%
2/24/2021,10.93,11.195,11.195,10.725,6.36M,-1,21%
2/23/2021,11.06,11.027,11.161,10.926,5.25M,0,92%
2/22/2021,10.96,11.128,11.262,10.826,6.12M,0,93%
2/19/2021,10.86,10.39,11.027,10.323,8.03M,3,19%
2/18/2021,10.52,10.524,10.759,10.457,3.53M,-1,26%
2/17/2021,10.66,10.189,10.658,10.189,4.21M,6,0%
2/9/2021,10.06,9.787,10.122,9.653,3.04M,2,74%
2/8/2021,9.79,10.223,10.323,9.619,5.25M,-5,20%
2/5/2021,10.32,10.122,10.39,10.122,3.80M,0,65%
2/4/2021,10.26,10.256,10.491,10.022,4.46M,0,33%
2/3/2021,10.22,9.787,10.223,9.586,7.08M,5,54%
2/2/2021,9.69,9.385,9.787,9.284,7.38M,0,0%
2/1/2021,9.69,10.323,10.725,9.686,7.10M,-6,77%
1/29/2021,10.39,9.452,10.759,9.418,7.45M,2,99%
1/28/2021,10.09,10.122,10.457,10.089,8.74M,-6,81%
1/27/2021,10.83,11.061,11.496,10.725,7.25M,-5,0%
1/26/2021,11.4,11.932,12.033,11.128,7.93M,-3,41%
1/25/2021,11.8,11.094,11.865,11.061,12.16M,6,34%
1/22/2021,11.09,10.926,11.295,10.926,7.49M,1,53%
1/21/2021,10.93,10.792,10.993,10.457,6.48M,5,16%
1/20/2021,10.39,10.591,10.859,9.887,4.80M,-1,90%
1/19/2021,10.59,11.329,11.396,10.457,8.00M,-5,67%
1/18/2021,11.23,11.061,11.396,10.926,9.08M,3,40%
1/15/2021,10.86,10.859,11.027,10.826,6.62M,0,94%
1/14/2021,10.76,10.792,10.859,10.692,3.31M,0,31%
1/13/2021,10.79,11.027,11.027,10.759,5.32M,-1,23%
1/12/2021,10.93,10.725,11.094,10.591,9.88M,2,84%
1/11/2021,10.63,10.725,10.725,10.524,4.91M,0,31%
1/8/2021,10.66,10.859,10.993,10.658,6.25M,0,62%
1/7/2021,10.73,10.524,10.859,10.457,6.66M,0,63%
1/6/2021,10.66,10.759,10.826,10.625,5.86M,0,62%
1/5/2021,10.73,10.725,10.96,10.558,6.69M,0,0%
1/4/2021,10.73,10.256,10.759,10.156,13.12M,6,67%
12/31/2020,10.06,9.988,10.055,9.82,4.21M,1,35%
12/30/2020,9.92,10.089,10.122,9.887,5.96M,-1,66%
12/29/2020,10.09,10.189,10.256,10.089,5.33M,0,99%
12/28/2020,10.19,10.39,10.457,10.055,7.03M,0,33%
12/25/2020,10.16,10.122,10.223,9.787,8.36M,0,33%
12/24/2020,10.19,10.39,10.39,9.653,6.97M,0,65%
12/23/2020,10.26,10.491,10.725,10.122,7.56M,0,66%
12/22/2020,10.19,9.988,10.323,9.854,8.58M,2,1%
12/21/2020,9.99,10.189,10.256,9.82,7.49M,0,34%
12/18/2020,9.95,9.79,10.02,9.79,7.17M,1,0%
12/17/2020,9.86,9.856,10.184,9.659,8.58M,1,70%
12/16/2020,9.69,9.56,9.692,9.429,7.16M,2,43%
12/15/2020,9.46,9.462,9.593,9.297,8.43M,-1,3%
12/14/2020,9.56,9.659,9.725,9.56,8.35M,1,4%
12/11/2020,9.46,9.1,9.462,8.969,7.76M,5,11%
12/10/2020,9,9.363,9.396,8.936,12.89M,-3,86%
12/9/2020,9.36,9.265,9.725,9.133,8.72M,0,71%
12/8/2020,9.3,9.199,9.396,8.969,7.87M,1,43%
12/7/2020,9.17,8.64,9.166,8.608,10.93M,6,90%
12/4/2020,8.58,8.213,8.673,8.049,11.52M,5,67%
12/3/2020,8.12,7.885,8.18,7.72,8.29M,4,22%
12/2/2020,7.79,7.918,8.016,7.72,6.10M,-2,7%
12/1/2020,7.95,7.556,7.983,7.523,6.76M,2,11%
11/30/2020,7.79,8.082,8.115,7.753,5.92M,-2,87%
11/27/2020,8.02,8.345,8.345,7.983,9.98M,0,83%
11/26/2020,7.95,7.425,7.95,7.096,9.64M,6,61%
11/25/2020,7.46,7.753,7.786,7.458,5.86M,-2,99%
11/24/2020,7.69,7.786,7.95,7.458,8.39M,0,85%
11/23/2020,7.75,7.425,8.049,7.425,10.27M,0,43%
11/20/2020,7.72,7.918,7.918,7.655,9.42M,-3,69%
11/19/2020,8.02,7.852,8.443,7.556,9.98M,0,41%
11/18/2020,7.98,7.819,7.983,7.622,16.25M,6,58%
11/17/2020,7.49,7.195,7.491,7.195,12.23M,6,54%
11/16/2020,7.03,6.571,7.031,6.538,14.37M,7,0%
11/13/2020,6.57,6.538,6.768,6.505,5.69M,1,63%
11/12/2020,6.47,6.459,6.465,6.374,12.20M,6,96%
11/11/2020,6.05,5.651,6.045,5.631,12.30M,6,98%
11/10/2020,5.65,5.769,5.769,5.644,2.03M,0,23%
11/9/2020,5.66,5.486,5.677,5.48,3.79M,3,48%
11/6/2020,5.47,5.48,5.493,5.421,2.36M,0,12%
11/5/2020,5.48,5.559,5.585,5.454,2.45M,-1,42%
11/4/2020,5.56,5.585,5.611,5.526,1.75M,0,48%
11/3/2020,5.53,5.585,5.631,5.519,2.18M,0,0%
11/2/2020,5.53,5.388,5.546,5.388,1.40M,2,68%
10/30/2020,5.39,5.585,5.585,5.388,3.58M,-1,20%
10/29/2020,5.45,5.519,5.585,5.257,3.29M,-2,1%
10/28/2020,5.57,5.815,5.815,5.532,4.90M,-4,8%
10/27/2020,5.8,5.782,5.894,5.782,6.10M,1,49%
10/26/2020,5.72,5.71,5.782,5.703,4.03M,0,12%
10/23/2020,5.71,5.684,5.802,5.677,2.92M,0,58%
10/22/2020,5.68,5.684,5.697,5.585,1.78M,0,46%
10/21/2020,5.7,5.887,5.887,5.69,3.12M,-2,3%
10/20/2020,5.82,5.716,5.881,5.69,5.09M,2,31%
10/19/2020,5.69,5.644,5.697,5.624,2.90M,1,17%
10/16/2020,5.62,5.585,5.664,5.565,3.06M,1,18%
10/15/2020,5.56,5.585,5.644,5.546,2.37M,0,24%
10/14/2020,5.55,5.624,5.624,5.519,2.84M,-1,40%
10/13/2020,5.62,5.631,5.638,5.598,2.24M,0,12%
10/12/2020,5.63,5.749,5.749,5.585,3.75M,0,92%
10/9/2020,5.68,5.585,5.782,5.454,5.65M,2,37%
10/8/2020,5.55,5.532,5.585,5.506,3.34M,0,36%
10/7/2020,5.53,5.421,5.664,5.421,5.99M,1,81%
10/6/2020,5.43,5.44,5.486,5.414,3.37M,0,0%
10/5/2020,5.43,5.421,5.519,5.421,4.10M,0,24%
10/2/2020,5.42,5.519,5.532,5.25,4.49M,-1,43%
10/1/2020,5.5,5.552,5.559,5.493,4.05M,0,0%
9/30/2020,5.5,5.454,5.552,5.27,3.92M,0,36%
9/29/2020,5.48,5.651,5.664,5.467,5.98M,-2,45%
9/28/2020,5.62,5.552,5.638,5.519,4.58M,1,91%
9/25/2020,5.51,5.552,5.559,5.388,5.06M,0,96%
9/24/2020,5.46,5.27,5.565,5.224,6.79M,3,87%
9/23/2020,5.26,5.224,5.289,5.217,2.55M,0,63%
9/22/2020,5.22,5.257,5.296,5.211,4.44M,0,75%
9/21/2020,5.26,5.309,5.388,5.263,3.64M,0,0%
9/18/2020,5.26,5.224,5.289,5.217,3.46M,0,75%
9/17/2020,5.22,5.224,5.335,5.158,5.24M,0,25%
9/16/2020,5.21,5.211,5.243,5.178,3.31M,0,0%
9/15/2020,5.21,5.257,5.309,5.191,4.22M,0,38%
9/14/2020,5.19,5.086,5.217,5.059,4.71M,3,27%
9/11/2020,5.03,5.066,5.132,5.013,2.18M,-1,4%
9/10/2020,5.08,5.145,5.158,5.079,2.12M,0,77%
9/9/2020,5.12,4.994,5.138,4.928,2.11M,2,10%
9/8/2020,5.01,4.961,5.053,4.954,2.10M,1,19%
9/7/2020,4.95,4.862,5.151,4.862,4.89M,1,89%
9/4/2020,4.86,4.862,4.902,4.81,1.92M,-1,33%
9/3/2020,4.93,4.994,5.027,4.869,4.02M,0,66%
9/1/2020,4.96,4.915,5.007,4.869,3.05M,1,7%
8/31/2020,4.91,4.928,5.02,4.889,2.69M,0,40%
8/28/2020,4.93,4.823,5.046,4.81,2.92M,2,18%
8/27/2020,4.82,4.862,4.869,4.797,1.68M,0,81%
8/26/2020,4.86,4.547,4.869,4.547,4.87M,6,78%
8/25/2020,4.55,4.599,4.606,4.547,1.63M,0,0%
8/24/2020,4.55,4.599,4.613,4.553,2.61M,0,0%
8/21/2020,4.55,4.468,4.553,4.468,1.32M,1,17%
8/20/2020,4.5,4.534,4.534,4.481,984.60K,0,58%
8/19/2020,4.53,4.547,4.586,4.527,1.37M,0,43%
8/18/2020,4.55,4.435,4.58,4.435,3.36M,1,76%
8/17/2020,4.47,4.455,4.468,4.376,563.30K,2,10%
8/14/2020,4.38,4.442,4.468,4.363,1.08M,-1,48%
8/13/2020,4.44,4.488,4.488,4.435,1.45M,0,59%
8/12/2020,4.47,4.468,4.567,4.448,819.70K,0,0%
8/11/2020,4.47,4.599,4.665,4.376,2.64M,-2,86%
8/10/2020,4.6,4.567,4.698,4.567,1.51M,0,72%
8/7/2020,4.57,4.534,4.645,4.468,1.43M,1,17%
8/6/2020,4.51,4.514,4.534,4.435,1.11M,0,0%
8/5/2020,4.51,4.271,4.514,4.271,1.96M,5,69%
8/4/2020,4.27,4.271,4.402,4.258,1.57M,0,0%
8/3/2020,4.27,4.14,4.304,4.074,2.12M,5,1%
7/31/2020,4.07,3.988,4.12,3.988,512.10K,-1,75%
7/30/2020,4.14,4.1,4.205,4.1,547.60K,0,96%
7/29/2020,4.1,4.172,4.172,4.015,1.22M,-2,50%
7/28/2020,4.21,3.778,4.205,3.778,1.67M,4,92%
7/27/2020,4.01,4.015,4.172,4.008,2.95M,-6,87%
7/24/2020,4.3,4.632,4.632,4.304,3.81M,-6,96%
7/23/2020,4.63,4.672,4.685,4.599,846.50K,0,98%
7/22/2020,4.67,4.645,4.731,4.645,526.30K,0,57%
7/21/2020,4.65,4.672,4.698,4.567,1.24M,0,56%
7/20/2020,4.67,4.737,4.764,4.672,1.54M,-1,39%
7/17/2020,4.74,4.731,4.764,4.711,969.00K,0,14%
7/16/2020,4.73,4.797,4.797,4.731,886.40K,0,69%
7/15/2020,4.76,4.77,4.829,4.757,1.15M,0,14%
7/14/2020,4.77,4.829,4.829,4.764,730.90K,0,82%
7/13/2020,4.81,4.777,4.836,4.77,631.20K,0,69%
7/10/2020,4.78,4.823,4.849,4.757,1.34M,-1,9%
7/9/2020,4.83,4.829,4.895,4.823,1.32M,0,0%
7/8/2020,4.83,4.895,4.902,4.829,1.21M,-1,34%
7/7/2020,4.9,4.862,4.941,4.862,2.65M,1,78%
7/6/2020,4.81,4.829,4.849,4.764,1.27M,1,38%
7/3/2020,4.74,4.764,4.764,4.724,1.02M,0,0%
7/2/2020,4.74,4.764,4.829,4.731,1.26M,0,41%
7/1/2020,4.76,4.632,4.803,4.632,1.87M,1,54%
6/30/2020,4.69,5.105,5.105,4.665,2.42M,-5,80%
6/29/2020,4.98,5.066,5.092,4.862,2.83M,-3,56%
6/26/2020,5.17,5.211,5.25,5.151,2.98M,0,76%
6/25/2020,5.2,5.059,5.257,4.981,3.47M,1,93%
6/24/2020,5.11,5.224,5.224,5.105,2.08M,0,39%
6/23/2020,5.13,5.257,5.257,5.112,3.66M,-2,1%
6/22/2020,5.23,5.25,5.335,5.191,2.66M,0,38%
6/19/2020,5.25,5.303,5.303,5.191,1.78M,2,4%
6/18/2020,5.15,5.105,5.165,5.073,1.78M,0,77%
6/17/2020,5.11,5.059,5.257,5.059,2.62M,0,0%
6/16/2020,5.11,5.165,5.165,5.046,2.34M,0,91%
6/15/2020,5.06,5.388,5.388,5.059,3.73M,-5,6%
6/12/2020,5.33,5.027,5.329,5.007,5.87M,0,12%
6/11/2020,5.32,5.493,5.657,5.322,6.13M,-3,34%
6/10/2020,5.51,5.48,5.526,5.421,5.22M,0,24%
6/9/2020,5.52,5.519,5.585,5.381,5.35M,1,8%
6/8/2020,5.46,5.388,5.5,5.381,6.14M,3,49%
6/5/2020,5.28,5.059,5.348,5.033,6.61M,4,2%
6/4/2020,5.07,5.184,5.184,5.073,4.64M,-1,41%
6/3/2020,5.15,5.165,5.171,5.073,3.37M,0,38%
6/2/2020,5.17,5.243,5.243,5.119,4.01M,-1,13%
6/1/2020,5.22,5.059,5.243,5.059,5.43M,3,52%
5/29/2020,5.05,5.066,5.125,5.046,3.89M,0,39%
5/28/2020,5.07,5.059,5.138,5.059,3.58M,0,13%
5/27/2020,5.07,5.086,5.138,5.046,6.40M,0,13%
5/26/2020,5.08,5.191,5.191,5.033,3.88M,0,39%
5/25/2020,5.06,4.994,5.197,4.974,5.80M,3,49%
5/22/2020,4.89,4.829,4.902,4.764,7.93M,4,20%
5/21/2020,4.69,4.731,4.757,4.665,2.49M,0,42%
5/20/2020,4.71,4.79,4.797,4.599,1.66M,-1,65%
5/19/2020,4.79,4.862,4.935,4.783,3.89M,0,42%
5/18/2020,4.77,4.626,4.849,4.501,4.15M,3,71%
5/15/2020,4.6,4.751,4.777,4.534,3.44M,-3,45%
5/14/2020,4.76,4.777,4.935,4.698,2.20M,0,27%
5/13/2020,4.78,4.501,4.81,4.501,6.15M,6,13%
5/12/2020,4.5,4.369,4.521,4.291,4.41M,3,1%
5/11/2020,4.37,4.376,4.534,4.304,1.98M,0,15%
5/8/2020,4.38,4.468,4.488,4.376,2.89M,-1,63%
5/7/2020,4.45,4.402,4.488,4.376,2.93M,1,81%
5/6/2020,4.37,4.304,4.383,4.291,2.37M,1,53%
5/5/2020,4.3,4.304,4.534,4.291,1.77M,0,0%
5/4/2020,4.3,4.245,4.363,4.205,3.37M,1,23%
4/29/2020,4.25,4.205,4.271,4.153,2.53M,-1,97%
4/28/2020,4.34,4.468,4.468,4.205,1.82M,0,90%
4/27/2020,4.38,4.337,4.376,4.271,4.24M,6,90%
4/24/2020,4.09,3.936,4.094,3.844,4.36M,6,86%
4/23/2020,3.83,3.962,3.962,3.804,1.11M,3,18%
4/22/2020,3.71,3.423,3.739,3.423,1.90M,6,21%
4/21/2020,3.5,3.614,3.647,3.489,1.40M,-6,17%
4/20/2020,3.73,3.804,3.831,3.509,1.10M,-1,22%
4/17/2020,3.77,3.837,3.837,3.732,1.35M,0,35%
4/16/2020,3.76,3.647,3.844,3.614,936.56K,1,78%
4/15/2020,3.69,3.778,3.778,3.68,1.35M,2,18%
4/14/2020,3.61,3.45,3.653,3.377,1.66M,5,77%
4/13/2020,3.42,3.305,3.482,3.305,640.09K,0,0%
4/10/2020,3.42,3.522,3.522,3.285,717.91K,-1,33%
4/9/2020,3.46,3.358,3.548,3.358,785.05K,2,33%
4/8/2020,3.38,3.371,3.404,3.252,1.38M,0,19%
4/7/2020,3.38,3.417,3.548,3.371,776.38K,0,58%
4/6/2020,3.4,3.22,3.397,3.22,3.21M,6,82%
4/3/2020,3.18,3.088,3.22,3.049,840.53K,4,76%
4/1/2020,3.04,2.878,3.088,2.878,1.33M,5,0%
3/31/2020,2.89,3.036,3.2,2.891,799.17K,-6,38%
3/30/2020,3.09,3.036,3.22,3.023,876.74K,-4,8%
3/27/2020,3.22,3.128,3.417,3.128,602.24K,0,0%
3/26/2020,3.22,3.115,3.246,3.082,1.80M,6,6%
3/25/2020,3.04,3.174,3.22,2.99,3.08M,-4,35%
3/24/2020,3.17,3.174,3.22,3.174,2.74M,-6,94%
3/23/2020,3.41,3.43,3.614,3.41,1.66M,-6,99%
3/20/2020,3.67,3.877,3.936,3.666,3.35M,-7,0%
3/19/2020,3.94,3.942,3.942,3.896,636.24K,0,0%
3/18/2020,3.94,4.277,4.277,3.942,2.69M,-1,64%
3/17/2020,4.01,3.712,4.041,3.712,225.89K,1,16%
3/16/2020,3.96,3.942,4.067,3.942,942.71K,-2,43%
3/13/2020,4.06,3.962,4.251,3.962,3.32M,-4,63%
3/12/2020,4.26,4.277,4.363,4.258,1.09M,-6,90%
3/11/2020,4.57,4.849,4.895,4.534,895.08K,-5,69%
3/10/2020,4.85,4.613,4.928,4.613,718.70K,-2,12%
3/9/2020,4.95,4.954,5.027,4.954,926.12K,-6,91%
3/6/2020,5.32,5.421,5.421,5.322,749.61K,-1,82%
3/5/2020,5.42,5.421,5.486,5.421,947.79K,0,36%
3/4/2020,5.4,5.421,5.454,5.401,1.27M,0,84%
3/3/2020,5.45,5.447,5.552,5.44,1.06M,0,0%
3/2/2020,5.45,5.427,5.486,5.375,1.05M,0,0%
2/28/2020,5.45,5.592,5.592,5.427,749.58K,-2,59%
2/27/2020,5.59,5.467,5.611,5.427,1.74M,1,43%
2/26/2020,5.51,5.631,5.631,5.493,551.09K,-2,10%
2/25/2020,5.63,5.493,5.67,5.493,940.29K,0,0%
2/24/2020,5.63,5.493,5.776,5.493,779.75K,-2,61%
2/21/2020,5.78,5.914,5.927,5.71,586.27K,1,38%
2/20/2020,5.7,5.388,5.703,5.335,2.68M,6,90%
2/19/2020,5.34,5.335,5.454,5.335,463.18K,0,12%
2/18/2020,5.34,5.283,5.381,5.283,1.19M,0,0%
2/17/2020,5.34,5.362,5.454,5.289,483.38K,0,37%
2/14/2020,5.36,5.303,5.408,5.303,166.16K,0,12%
2/13/2020,5.37,5.421,5.421,5.276,239.34K,0,37%
2/12/2020,5.35,5.276,5.427,5.276,329.69K,1,37%
2/11/2020,5.28,5.355,5.519,5.276,294.31K,-1,47%
2/10/2020,5.36,5.257,5.401,5.191,875.53K,1,49%
2/7/2020,5.28,5.368,5.44,5.237,322.57K,-1,71%
2/6/2020,5.37,5.191,5.421,5.151,573.65K,4,74%
2/5/2020,5.13,5.257,5.388,5.125,443.35K,-1,27%
2/4/2020,5.19,5.381,5.381,5.112,765.12K,0,25%
2/3/2020,5.2,5.099,5.454,5.099,1.13M,-5,4%
1/31/2020,5.48,5.592,5.762,5.48,1.30M,-5,66%
1/30/2020,5.81,6.111,6.439,5.808,1.17M,-6,95%
1/22/2020,6.24,5.914,6.242,5.914,624.01K,3,26%
1/21/2020,6.05,5.631,6.052,5.631,1.01M,0,11%
1/20/2020,6.05,6.42,6.498,6.052,2.89M,-6,97%
1/17/2020,6.51,6.505,6.571,6.36,1.04M,0,0%
1/16/2020,6.51,6.242,6.571,6.242,797.53K,4,21%
1/15/2020,6.24,5.881,6.242,5.881,1.47M,6,14%
1/14/2020,5.88,5.716,5.914,5.664,1.74M,2,29%
1/13/2020,5.75,5.914,5.946,5.651,1.59M,-2,23%
1/10/2020,5.88,5.815,5.914,5.657,1.72M,5,92%
1/9/2020,5.55,5.257,5.552,5.257,2.51M,6,69%
1/8/2020,5.2,5.079,5.211,4.902,1.59M,2,46%
1/7/2020,5.08,5.079,5.112,5.027,1.85M,0,0%
1/6/2020,5.08,4.987,5.119,4.869,691.53K,1,84%
1/3/2020,4.99,4.961,5.066,4.961,1.23M,2,85%
1/2/2020,4.85,4.468,4.849,4.468,1.50M,6,96%
12/31/2019,4.53,4.567,4.567,4.521,559.66K,0,0%
12/30/2019,4.53,4.534,4.599,4.468,536.00K,0,88%
12/27/2019,4.49,4.468,4.521,4.461,403.30K,0,88%
12/26/2019,4.46,4.599,4.599,4.383,464.99K,0,89%
12/25/2019,4.42,4.376,4.461,4.376,221.11K,0,90%
12/24/2019,4.38,4.337,4.448,4.31,914.83K,0,15%
12/23/2019,4.38,4.435,4.534,4.383,1.80M,-1,91%
12/20/2019,4.47,4.448,4.593,4.448,688.72K,0,44%
12/19/2019,4.45,4.435,4.494,4.409,472.54K,0,30%
12/18/2019,4.44,4.304,4.527,4.304,1.08M,0,0%
12/17/2019,4.44,4.593,4.593,4.409,2.11M,-3,43%
12/16/2019,4.59,4.672,4.672,4.58,1.60M,-1,69%
12/13/2019,4.67,4.599,4.678,4.599,1.75M,1,72%
12/12/2019,4.59,4.547,4.613,4.547,741.04K,0,14%
12/11/2019,4.6,4.567,4.632,4.553,1.69M,1,60%
12/10/2019,4.53,4.337,4.527,4.317,1.58M,6,0%
12/9/2019,4.27,4.186,4.304,4.133,878.04K,3,34%
12/6/2019,4.13,4.015,4.14,4.015,130.97K,1,45%
12/5/2019,4.07,4.172,4.172,4.054,91.22K,0,32%
12/4/2019,4.09,4.074,4.14,4.074,271.80K,0,32%
12/3/2019,4.07,4.041,4.172,4.021,235.14K,1,64%
12/2/2019,4.01,3.982,4.008,3.975,407.85K,0,66%
11/29/2019,3.98,3.962,4.048,3.962,60.38K,0,33%
11/28/2019,4,4.074,4.074,3.995,313.92K,-1,62%
11/27/2019,4.06,3.995,4.061,3.995,591.02K,1,98%
11/26/2019,3.98,4.034,4.034,3.942,464.27K,0,66%
11/25/2019,4.01,3.982,4.015,3.975,554.69K,0,16%
11/22/2019,4,4.061,4.074,4.002,1.27M,-1,46%
11/21/2019,4.06,4.1,4.1,4.061,775.99K,0,48%
11/20/2019,4.08,4.1,4.153,4.074,887.24K,0,48%
11/19/2019,4.1,4.1,4.172,4.087,742.49K,0,0%
11/18/2019,4.1,4.074,4.133,4.074,1.08M,0,16%
11/15/2019,4.09,4.048,4.172,4.041,656.76K,-1,11%
11/14/2019,4.14,4.186,4.205,4.14,515.46K,0,32%
11/13/2019,4.15,4.232,4.232,4.094,562.09K,-1,40%
11/12/2019,4.21,4.172,4.232,4.172,813.24K,0,94%
11/11/2019,4.17,4.199,4.205,4.14,298.20K,0,32%
11/8/2019,4.19,4.166,4.199,4.14,434.61K,1,11%
11/7/2019,4.14,4.14,4.166,4.126,417.96K,0,48%
11/6/2019,4.12,3.975,4.126,3.975,334.43K,3,47%
11/5/2019,3.98,3.982,4.008,3.975,956.02K,0,0%
11/4/2019,3.98,4.034,4.034,3.975,219.04K,0,0%
11/1/2019,3.98,3.975,3.995,3.962,208.02K,0,17%
10/31/2019,3.98,3.995,4.067,3.975,614.56K,0,17%
10/30/2019,3.98,3.942,3.995,3.942,309.00K,0,33%
10/29/2019,4,4.041,4.074,3.995,252.82K,-1,30%
10/28/2019,4.05,4.074,4.107,4.021,174.63K,0,98%
10/25/2019,4.01,4.021,4.041,4.008,75.14K,0,33%
10/24/2019,4.02,4.041,4.041,3.995,293.01K,0,82%
10/23/2019,3.99,3.942,4.14,3.942,191.66K,1,17%
10/22/2019,3.94,3.811,4.002,3.811,109.24K,3,45%
10/21/2019,3.81,3.837,3.837,3.712,243.48K,0,69%
10/18/2019,3.84,3.864,3.864,3.831,244.07K,0,0%
10/17/2019,3.84,3.844,3.844,3.798,345.11K,0,17%
10/16/2019,3.83,3.824,3.837,3.804,453.04K,0,69%
10/15/2019,3.8,3.811,3.844,3.798,128.65K,0,17%
10/14/2019,3.81,3.857,3.857,3.791,210.99K,0,0%
10/11/2019,3.81,3.824,3.877,3.804,737.61K,0,35%
10/10/2019,3.82,3.864,3.877,3.791,360.85K,0,17%
10/9/2019,3.83,3.85,3.87,3.811,655.81K,0,0%
10/8/2019,3.83,3.785,3.877,3.785,692.28K,0,0%
10/7/2019,3.83,3.837,3.837,3.778,670.77K,1,39%
10/4/2019,3.78,3.811,3.877,3.778,676.15K,0,0%
10/3/2019,3.78,3.726,3.798,3.693,1.16M,2,31%
10/2/2019,3.69,3.699,3.732,3.673,165.14K,0,54%
10/1/2019,3.67,3.706,3.712,3.66,170.94K,0,18%
9/30/2019,3.67,3.693,3.706,3.647,455.92K,0,71%
9/27/2019,3.69,3.739,3.758,3.68,465.60K,-1,23%
9/26/2019,3.74,3.726,3.765,3.68,164.91K,0,35%
9/25/2019,3.73,3.804,3.811,3.719,240.54K,-1,39%
9/24/2019,3.78,3.811,3.811,3.778,151.83K,0,17%
9/23/2019,3.79,3.804,3.87,3.785,200.49K,0,69%
9/20/2019,3.81,3.765,3.877,3.765,472.77K,1,22%
9/19/2019,3.77,3.778,3.791,3.752,226.67K,0,0%
9/18/2019,3.77,3.778,3.778,3.739,558.72K,0,53%
9/17/2019,3.75,3.745,3.798,3.739,251.08K,-1,39%
9/16/2019,3.8,3.837,3.837,3.745,234.99K,0,17%
9/13/2019,3.8,3.804,3.811,3.745,205.03K,0,0%
9/12/2019,3.8,3.772,3.804,3.765,258.52K,1,5%
9/11/2019,3.77,3.864,3.864,3.745,530.90K,0,35%
9/10/2019,3.78,3.91,3.923,3.745,357.48K,-3,68%
9/9/2019,3.92,3.956,3.982,3.923,255.12K,-1,0%
9/6/2019,3.96,4.034,4.034,3.956,29.40K,0,0%
9/5/2019,3.96,4.008,4.021,3.962,419.31K,0,49%
9/4/2019,3.98,4.041,4.054,3.975,754.09K,-1,46%
9/3/2019,4.04,4.087,4.14,4.041,266.96K,-2,7%
8/30/2019,4.13,4.113,4.153,4.107,244.76K,0,32%
8/29/2019,4.11,4.199,4.199,4.094,475.53K,0,0%
8/28/2019,4.11,4.225,4.225,4.113,554.40K,-2,34%
8/27/2019,4.21,4.264,4.264,4.186,160.47K,0,15%
8/26/2019,4.21,4.205,4.245,4.192,251.25K,-1,54%
8/23/2019,4.27,4.429,4.429,4.271,229.82K,-2,25%
8/22/2019,4.37,4.205,4.429,4.205,933.01K,3,42%
8/21/2019,4.23,4.14,4.238,4.14,176.21K,2,6%
8/20/2019,4.14,4.12,4.199,4.12,286.89K,0,48%
8/19/2019,4.12,4.179,4.238,4.113,611.78K,-1,41%
8/16/2019,4.18,4.284,4.284,4.179,357.16K,-1,70%
8/15/2019,4.25,4.337,4.337,4.251,350.71K,0,46%
8/14/2019,4.27,4.218,4.435,4.218,1.05M,1,25%
8/13/2019,4.22,4.172,4.238,4.172,800.67K,1,10%
8/12/2019,4.17,4.199,4.205,4.107,225.27K,2,42%
8/9/2019,4.07,4.008,4.238,4.008,290.89K,1,47%
8/8/2019,4.02,4.008,4.034,4.008,301.25K,0,16%
8/7/2019,4.01,4.015,4.061,4.002,783.14K,0,16%
8/6/2019,4.02,4.021,4.021,4.002,447.15K,0,16%
8/5/2019,4.01,4.008,4.034,4.008,707.57K,0,0%
8/2/2019,4.01,4.008,4.034,3.995,148.74K,0,65%
8/1/2019,4.03,4.054,4.067,3.988,729.72K,0,99%
7/31/2019,4,3.975,4.028,3.975,210.74K,0,50%
7/30/2019,3.98,4.048,4.048,3.883,717.19K,0,82%
7/29/2019,4.01,4.008,4.061,3.995,536.52K,0,0%
7/26/2019,4.01,4.034,4.061,4.008,342.14K,0,33%
7/25/2019,4,4.008,4.133,3.995,846.71K,0,33%
7/24/2019,3.98,4.034,4.034,3.982,120.15K,0,82%
7/23/2019,4.02,3.995,4.041,3.995,132.32K,0,49%
7/22/2019,4,4.008,4.074,3.995,223.30K,-1,46%
7/19/2019,4.05,4.074,4.107,4.041,170.11K,0,49%
7/18/2019,4.07,4.074,4.107,4.061,181.77K,0,0%
7/17/2019,4.07,4.08,4.107,4.067,103.32K,0,0%
7/16/2019,4.07,4.087,4.126,4.074,255.23K,0,32%
7/15/2019,4.09,4.094,4.113,4.061,696.28K,0,0%
7/12/2019,4.09,4.14,4.146,4.087,657.00K,-1,27%
7/11/2019,4.14,4.146,4.205,4.074,396.82K,0,63%
7/10/2019,4.17,4.166,4.238,4.12,529.66K,0,0%
7/9/2019,4.17,4.113,4.258,4.113,534.01K,1,28%
7/8/2019,4.11,4.258,4.271,4.113,2.02M,0,0%
7/5/2019,4.11,4.113,4.113,4.061,890.60K,1,30%
7/4/2019,4.06,4.074,4.199,4.041,1.52M,0,49%
7/3/2019,4.04,4.08,4.107,4.041,81.85K,-1,60%
7/2/2019,4.11,4.107,4.12,4.087,52.68K,0,0%
7/1/2019,4.11,4.172,4.192,4.107,163.14K,-1,73%
6/28/2019,4.18,4.153,4.199,4.074,193.87K,2,58%
6/27/2019,4.07,4.153,4.192,4.074,111.01K,-3,12%
6/26/2019,4.21,4.212,4.212,4.166,99.04K,0,15%
6/25/2019,4.21,4.1,4.218,4.1,159.67K,2,72%
6/24/2019,4.1,4.087,4.159,4.087,143.31K,0,64%
6/21/2019,4.13,4.238,4.245,4.054,287.71K,-2,94%
6/20/2019,4.25,4.337,4.356,4.251,269.24K,1,9%
6/19/2019,4.21,4.054,4.271,4.054,431.73K,4,92%
6/18/2019,4.01,4.021,4.021,3.995,161.48K,0,33%
6/17/2019,4.02,3.975,4.048,3.975,64.50K,0,32%
6/14/2019,4.03,4.08,4.08,4.034,113.59K,0,65%
6/13/2019,4.06,4.113,4.113,4.061,127.73K,-1,12%
6/12/2019,4.11,4.107,4.107,4.074,95.50K,0,32%
6/11/2019,4.12,4.1,4.14,4.1,88.93K,0,81%
6/10/2019,4.09,4.067,4.107,4.054,237.14K,1,63%
6/7/2019,4.02,4.021,4.041,4.008,34.76K,0,16%
6/6/2019,4.03,4.074,4.074,3.995,77.66K,0,16%
6/5/2019,4.03,3.982,4.1,3.982,140.49K,1,32%
6/4/2019,3.98,4.094,4.094,3.975,165.28K,0,17%
6/3/2019,3.98,4.015,4.12,3.975,140.04K,-2,26%
5/31/2019,4.07,4.087,4.126,4.067,200.91K,-1,12%
5/30/2019,4.11,4.14,4.146,4.061,144.88K,0,64%
5/29/2019,4.14,4.074,4.14,4.041,108.92K,1,94%
5/28/2019,4.06,4.14,4.14,4.008,411.38K,2,49%
5/27/2019,3.96,4.146,4.199,3.962,415.58K,-4,44%
5/24/2019,4.15,4.14,4.159,4.094,274.33K,0,16%
5/23/2019,4.14,4.159,4.179,4.107,249.49K,-1,56%
5/22/2019,4.21,4.113,4.264,4.113,318.96K,2,40%
5/21/2019,4.11,4.14,4.14,4.094,90.89K,0,95%
5/20/2019,4.15,4.153,4.153,4.074,154.24K,0,16%
5/17/2019,4.15,4.199,4.205,4.08,114.26K,0,16%
5/16/2019,4.15,4.113,4.238,4.113,318.69K,0,16%
5/15/2019,4.14,4.14,4.153,4.1,149.88K,0,0%
5/14/2019,4.14,4.08,4.146,4.048,123.06K,1,45%
5/13/2019,4.08,4.061,4.126,4.008,492.51K,0,49%
5/10/2019,4.06,4.041,4.061,4.028,82.80K,0,49%
5/9/2019,4.04,4.028,4.061,4.002,96.44K,0,33%
5/8/2019,4.03,4.008,4.067,3.969,213.24K,0,49%
5/7/2019,4.01,4.14,4.14,4.008,350.96K,-2,40%
5/6/2019,4.11,4.159,4.238,4.107,411.05K,-4,58%
5/3/2019,4.3,4.225,4.356,4.225,269.05K,0,15%
5/2/2019,4.31,4.146,4.31,4.146,1.24M,-2,96%
4/26/2019,4.44,4.409,4.461,4.369,340.19K,0,89%
4/25/2019,4.4,4.461,4.461,4.402,164.89K,-1,3%
4/24/2019,4.45,4.402,4.448,4.383,271.32K,1,65%
4/23/2019,4.38,4.369,4.468,4.369,302.63K,0,0%
4/22/2019,4.38,4.468,4.586,4.369,390.61K,-2,6%
4/19/2019,4.47,4.455,4.586,4.402,649.56K,1,19%
4/18/2019,4.42,4.383,4.468,4.291,875.79K,-1,61%
4/17/2019,4.49,4.737,4.79,4.468,758.72K,-5,27%
4/16/2019,4.74,4.862,4.862,4.724,377.86K,-2,44%
4/12/2019,4.86,4.862,4.895,4.836,321.88K,0,80%
4/11/2019,4.9,4.843,4.895,4.777,468.65K,2,6%
4/10/2019,4.8,4.797,4.849,4.731,532.81K,0,0%
4/9/2019,4.8,5.007,5.059,4.665,1.06M,-4,20%
4/8/2019,5.01,4.994,5.158,4.994,844.69K,0,26%
4/5/2019,4.99,5.322,5.322,4.994,788.30K,-4,40%
4/4/2019,5.22,5.283,5.322,5.184,2.06M,2,5%
4/3/2019,5.12,4.803,5.119,4.764,2.65M,5,99%
4/2/2019,4.83,4.862,4.961,4.823,439.65K,0,0%
4/1/2019,4.83,4.797,4.829,4.757,740.49K,0,69%
3/29/2019,4.8,4.797,4.803,4.777,225.95K,0,0%
3/28/2019,4.8,4.731,4.829,4.711,595.01K,1,67%
3/27/2019,4.72,4.672,4.744,4.672,352.61K,0,70%
3/26/2019,4.69,4.619,4.685,4.619,162.91K,1,42%
3/25/2019,4.62,4.764,4.764,4.599,344.66K,-3,4%
3/22/2019,4.76,4.797,4.797,4.737,305.84K,0,56%
3/21/2019,4.74,4.777,4.829,4.731,280.94K,-1,37%
3/20/2019,4.8,4.757,4.849,4.751,744.15K,0,97%
3/19/2019,4.76,4.797,4.803,4.731,384.64K,-1,23%
3/18/2019,4.82,4.718,4.836,4.718,1.02M,2,37%
3/15/2019,4.71,4.797,4.797,4.665,679.97K,-1,92%
3/14/2019,4.8,4.797,4.829,4.77,653.43K,0,0%
3/13/2019,4.8,4.862,4.862,4.797,662.43K,0,27%
3/12/2019,4.78,4.921,4.921,4.783,1.19M,-1,22%
3/11/2019,4.84,4.764,4.921,4.764,381.99K,1,65%
3/8/2019,4.76,4.777,4.921,4.737,1.43M,-3,46%
3/7/2019,4.94,5.217,5.217,4.935,1.29M,-3,59%
3/6/2019,5.12,5.224,5.257,5.119,697.98K,-2,1%
3/5/2019,5.22,5.329,5.388,5.224,2.48M,0,0%
3/4/2019,5.22,5.257,5.289,5.125,1.92M,3,25%
3/1/2019,5.06,5.046,5.125,5.04,767.69K,0,0%
