Date;Price;Open;High;Low;Vol.;Change %
03/01/2024;23.050;22.700;23.100;22.650;9.53M;1,32%
02/29/2024;22.750;22.950;23.100;22.600;9.69M;-0,66%
02/28/2024;22.900;23.000;23.150;22.700;8.26M;0,22%
02/27/2024;22.850;22.550;23.300;22.500;16.21M;1,78%
02/26/2024;22.450;22.150;22.500;22.100;8.02M;0,45%
02/23/2024;22.350;22.600;22.850;22.150;12.86M;-0,89%
02/22/2024;22.550;22.700;22.800;22.550;9.09M;-0,66%
02/21/2024;22.700;23.050;23.100;22.600;14.28M;-1,52%
02/20/2024;23.050;23.300;23.350;23.000;8.64M;-1,07%
02/19/2024;23.300;23.350;23.650;22.900;15.25M;-0,21%
02/16/2024;23.350;23.400;23.500;23.200;7.21M;-0,21%
02/15/2024;23.400;23.450;23.900;23.300;11.81M;0,65%
02/07/2024;23.250;23.100;23.350;23.100;7.67M;0,65%
02/06/2024;23.100;23.150;23.400;23.100;7.14M;0,00%
02/05/2024;23.100;23.000;23.200;22.900;6.95M;0,87%
02/02/2024;22.900;22.900;23.300;22.800;10.09M;0,00%
02/01/2024;22.900;22.700;22.950;22.650;7.38M;0,00%
01/31/2024;22.900;22.950;23.150;22.600;13.00M;-1,08%
01/30/2024;23.150;22.850;23.150;22.600;9.39M;1,31%
01/29/2024;22.850;23.450;23.500;22.800;22.50M;-2,97%
01/26/2024;23.550;23.150;23.700;23.150;14.84M;1,95%
01/25/2024;23.100;22.900;23.300;22.650;12.70M;1,09%
01/24/2024;22.850;22.850;23.050;22.800;10.34M;0,00%
01/23/2024;22.850;23.100;23.200;22.800;6.17M;-0,87%
01/22/2024;23.050;22.600;23.300;22.550;25.15M;2,44%
01/19/2024;22.500;22.750;22.750;22.350;8.76M;-0,22%
01/18/2024;22.550;22.650;22.950;22.400;12.37M;-0,22%
01/17/2024;22.600;22.950;23.000;22.450;12.90M;-1,31%
01/16/2024;22.900;21.600;22.900;21.450;19.79M;6,02%
01/15/2024;21.600;21.850;22.000;21.600;5.88M;-0,46%
01/12/2024;21.700;21.800;22.100;21.500;12.53M;-1,81%
01/11/2024;22.100;21.800;22.150;21.800;10.39M;1,84%
01/10/2024;21.700;21.900;21.950;21.300;19.60M;-0,91%
01/09/2024;21.900;22.350;22.400;21.800;16.85M;-2,01%
01/08/2024;22.350;22.450;22.600;22.250;10.81M;0,00%
01/05/2024;22.350;22.450;22.550;22.150;9.18M;-0,45%
01/04/2024;22.450;22.650;22.850;22.450;12.78M;-0,88%
01/03/2024;22.650;22.100;22.650;22.050;7.15M;2,26%
01/02/2024;22.150;23.000;23.000;22.150;12.29M;-2,85%
12/29/2023;22.800;22.700;22.800;22.550;12.87M;0,44%
12/28/2023;22.700;22.450;22.800;22.400;11.73M;1,11%
12/27/2023;22.450;22.150;22.600;22.150;15.15M;1,58%
12/26/2023;22.100;21.950;22.250;21.850;7.15M;0,68%
12/25/2023;21.950;21.650;22.400;21.650;10.85M;1,62%
12/22/2023;21.600;21.750;21.900;21.400;5.30M;-0,69%
12/21/2023;21.750;21.300;21.900;21.250;9.07M;1,16%
12/20/2023;21.500;21.650;21.650;21.300;4.47M;0,00%
12/19/2023;21.500;20.850;21.500;20.800;8.09M;3,61%
12/18/2023;20.750;20.850;21.150;20.750;5.98M;-0,48%
12/15/2023;20.850;21.000;21.300;20.650;9.14M;-0,71%
12/14/2023;21.000;21.300;21.350;20.900;10.13M;-0,47%
12/13/2023;21.100;21.800;22.050;21.000;12.85M;-2,99%
12/12/2023;21.750;21.800;22.100;21.700;6.33M;0,23%
12/11/2023;21.700;22.100;22.200;21.600;8.58M;-1,81%
12/08/2023;22.100;22.400;23.150;22.000;17.01M;-1,56%
12/07/2023;22.450;22.750;22.800;21.500;22.30M;-1,10%
12/06/2023;22.700;22.400;22.800;22.100;10.34M;1,79%
12/05/2023;22.300;22.250;22.600;22.150;12.46M;0,22%
12/04/2023;22.250;22.200;22.800;22.000;20.80M;2,30%
12/01/2023;21.750;21.600;21.800;21.200;9.23M;1,40%
11/30/2023;21.450;21.750;22.000;21.400;10.59M;-1,38%
11/29/2023;21.750;21.300;21.800;21.150;11.68M;2,11%
11/28/2023;21.300;20.700;21.300;20.150;12.19M;3,15%
11/27/2023;20.650;21.000;21.150;20.550;7.22M;-1,43%
11/24/2023;20.950;20.800;20.950;19.900;17.24M;2,20%
11/23/2023;20.500;22.000;22.100;20.500;19.11M;-6,82%
11/22/2023;22.000;21.850;22.100;21.650;12.05M;0,46%
11/21/2023;21.900;22.000;22.650;21.800;15.00M;0,92%
11/20/2023;21.700;20.950;21.750;20.900;10.99M;1,17%
11/17/2023;21.450;21.700;22.000;21.000;19.11M;-0,69%
11/16/2023;21.600;21.400;21.600;21.050;8.56M;0,47%
11/15/2023;21.500;22.400;22.400;21.450;16.29M;-0,92%
11/14/2023;21.700;21.800;21.900;21.050;13.58M;0,93%
11/13/2023;21.500;20.650;21.900;20.650;20.39M;4,12%
11/10/2023;20.650;20.550;21.450;20.500;15.61M;-0,72%
11/09/2023;20.800;21.300;21.500;20.800;13.84M;-1,42%
11/08/2023;21.100;19.650;21.100;19.600;17.84M;6,84%
11/07/2023;19.750;19.800;20.100;19.600;11.77M;-1,25%
11/06/2023;20.000;19.550;20.000;19.350;13.69M;2,83%
11/03/2023;19.450;19.000;19.500;18.650;14.97M;2,91%
11/02/2023;18.900;18.100;18.900;17.850;14.50M;6,78%
11/01/2023;17.700;16.950;17.700;16.850;6.06M;4,12%
10/31/2023;17.000;17.600;17.650;16.800;7.86M;-1,16%
10/30/2023;17.200;17.600;18.050;17.200;6.75M;-2,55%
10/27/2023;17.650;16.700;17.650;16.250;9.35M;6,33%
10/26/2023;16.600;17.350;17.400;16.600;13.91M;-6,74%
10/25/2023;17.800;17.850;18.300;17.750;6.12M;0,56%
10/24/2023;17.700;17.750;17.900;17.250;4.60M;0,00%
10/23/2023;17.700;17.800;18.100;17.350;7.80M;-0,56%
10/20/2023;17.800;17.000;17.800;16.950;7.57M;4,71%
10/19/2023;17.000;17.000;17.300;16.100;10.21M;0,00%
10/18/2023;17.000;18.200;18.250;16.750;19.48M;-5,56%
10/17/2023;18.000;18.900;19.300;18.000;6.70M;-4,26%
10/16/2023;18.800;19.650;19.750;18.800;7.20M;-4,33%
10/13/2023;19.650;19.350;19.700;19.050;5.77M;-0,25%
10/12/2023;19.700;19.900;20.250;19.400;6.72M;0,00%
10/11/2023;19.700;19.350;19.700;19.150;6.70M;2,07%
10/10/2023;19.300;19.600;19.800;19.300;6.95M;-0,26%
10/09/2023;19.350;18.700;19.500;18.700;7.87M;3,20%
10/06/2023;18.750;18.350;19.000;17.900;7.73M;2,18%
10/05/2023;18.350;19.200;19.300;18.350;7.02M;-3,93%
10/04/2023;19.100;18.000;19.600;18.000;12.35M;2,14%
10/03/2023;18.700;19.600;19.700;18.700;18.60M;-6,97%
10/02/2023;20.100;20.150;20.500;19.900;6.92M;0,50%
09/29/2023;20.000;20.500;20.550;19.850;8.45M;-1,48%
09/28/2023;20.300;19.700;20.450;19.400;11.07M;1,50%
09/27/2023;20.000;19.100;20.000;18.700;11.84M;5,26%
09/26/2023;19.000;19.900;20.200;19.000;20.32M;-5,24%
09/25/2023;20.050;21.200;21.600;20.050;17.10M;-6,96%
09/22/2023;21.550;22.450;22.600;21.550;34.49M;-6,91%
09/21/2023;23.150;23.000;23.900;22.900;17.85M;0,00%
09/20/2023;23.150;23.000;23.250;22.850;8.28M;0,65%
09/19/2023;23.000;22.000;23.000;21.400;18.39M;5,50%
09/18/2023;21.800;21.400;22.100;21.400;12.48M;1,87%
09/15/2023;21.400;21.400;22.000;21.000;10.74M;0,47%
09/14/2023;21.300;22.000;22.000;21.000;13.60M;-3,18%
09/13/2023;22.000;22.000;22.850;21.600;16.80M;0,69%
09/12/2023;21.850;21.200;21.850;20.900;15.98M;2,58%
09/11/2023;21.300;22.300;22.300;21.300;15.96M;-3,18%
09/08/2023;22.000;21.500;22.300;21.450;17.24M;2,33%
09/07/2023;21.500;21.550;21.800;21.350;14.74M;0,94%
09/06/2023;21.300;19.950;21.300;19.600;24.08M;6,77%
09/05/2023;19.950;20.150;20.500;19.750;9.75M;-0,25%
08/31/2023;20.000;19.950;20.200;19.700;11.67M;1,52%
08/30/2023;19.700;19.150;19.800;19.050;10.67M;3,14%
08/29/2023;19.100;19.300;19.500;18.900;7.68M;-0,52%
08/28/2023;19.200;18.650;19.300;18.650;13.01M;3,23%
08/25/2023;18.600;18.800;18.900;18.550;10.09M;-0,80%
08/24/2023;18.750;18.300;18.750;18.050;8.28M;2,46%
08/23/2023;18.300;18.650;18.650;18.300;5.14M;-0,54%
08/22/2023;18.400;18.800;18.800;17.500;10.24M;-0,27%
08/21/2023;18.450;18.600;18.850;17.950;11.83M;-0,81%
08/18/2023;18.600;19.850;19.900;18.600;27.42M;-7,00%
08/17/2023;20.000;20.500;20.750;20.000;15.61M;-1,96%
08/16/2023;20.400;20.600;20.600;20.200;7.04M;-0,97%
08/15/2023;20.600;20.200;20.700;19.900;15.15M;2,49%
08/14/2023;20.100;19.950;20.350;19.950;11.48M;1,26%
08/11/2023;19.850;18.850;19.900;18.650;25.03M;5,59%
08/10/2023;18.800;19.000;19.200;18.750;7.96M;-1,57%
08/09/2023;19.100;18.600;19.200;18.450;18.01M;2,14%
08/08/2023;18.700;19.100;19.300;18.650;13.51M;-1,58%
08/07/2023;19.000;19.150;19.200;18.800;11.91M;0,53%
08/04/2023;18.900;18.750;18.900;18.500;9.83M;1,07%
08/03/2023;18.700;18.800;18.800;18.300;15.59M;-0,53%
08/02/2023;18.800;18.400;18.900;18.350;11.52M;1,08%
08/01/2023;18.600;19.200;19.200;18.600;15.38M;-3,38%
07/31/2023;19.250;19.100;19.250;18.500;23.75M;-0,26%
07/28/2023;19.300;18.750;19.300;18.600;21.29M;2,93%
07/27/2023;18.750;18.700;18.800;18.250;16.73M;0,27%
07/26/2023;18.700;18.400;18.850;18.350;14.43M;2,19%
07/25/2023;18.300;18.300;18.700;18.150;15.19M;0,00%
07/24/2023;18.300;18.350;18.550;18.100;12.68M;0,55%
07/21/2023;18.200;17.650;18.300;17.550;19.96M;3,70%
07/20/2023;17.550;17.250;17.600;17.250;11.02M;1,15%
07/19/2023;17.350;17.300;17.500;17.200;13.94M;0,58%
07/18/2023;17.250;17.600;17.600;17.200;15.20M;-2,27%
07/17/2023;17.650;17.900;17.950;17.500;8.73M;-0,56%
07/14/2023;17.750;17.550;18.000;17.500;17.41M;1,43%
07/13/2023;17.500;17.600;17.800;17.450;9.87M;0,29%
07/12/2023;17.450;17.500;17.500;17.200;9.27M;0,00%
07/11/2023;17.450;17.450;17.550;17.300;15.90M;0,00%
07/10/2023;17.450;17.200;17.500;17.100;18.05M;1,45%
07/07/2023;17.200;16.350;17.200;16.250;22.97M;4,88%
07/06/2023;16.400;16.550;16.750;16.200;10.55M;-1,80%
07/05/2023;16.700;16.700;16.900;16.500;18.84M;0,60%
07/04/2023;16.600;16.400;16.600;16.300;9.86M;1,22%
07/03/2023;16.400;16.550;16.600;16.400;5.94M;-0,30%
06/30/2023;16.450;16.400;16.550;16.300;7.42M;0,30%
06/29/2023;16.400;16.900;16.950;16.400;12.39M;-2,38%
06/28/2023;16.800;16.900;17.100;16.700;13.76M;-0,59%
06/27/2023;16.900;17.000;17.050;16.600;14.97M;-0,29%
06/26/2023;16.950;17.100;17.200;16.500;12.39M;-2,31%
06/23/2023;17.350;17.450;17.650;17.250;18.81M;-0,29%
06/22/2023;17.400;17.250;17.550;17.000;24.48M;1,46%
06/21/2023;17.150;16.650;17.150;16.450;20.38M;3,31%
06/20/2023;16.600;16.250;16.600;16.250;6.20M;2,15%
06/19/2023;16.250;16.500;16.550;16.250;8.02M;-1,52%
06/16/2023;16.500;16.700;17.000;16.500;22.53M;-0,30%
06/15/2023;16.550;16.750;16.850;16.350;19.52M;-1,49%
06/14/2023;16.800;17.250;17.250;16.800;14.69M;-2,33%
06/13/2023;17.200;16.600;17.300;16.400;28.86M;4,24%
06/12/2023;16.500;16.550;16.650;16.100;16.53M;-0,30%
06/09/2023;16.550;16.300;16.600;16.250;14.87M;1,22%
06/08/2023;16.350;16.750;16.900;16.350;22.25M;-2,39%
06/07/2023;16.750;16.400;16.900;16.400;28.56M;4,04%
06/06/2023;16.100;15.900;16.200;15.700;18.95M;1,58%
06/05/2023;15.850;15.700;16.000;15.600;24.92M;2,26%
06/02/2023;15.500;15.250;15.700;15.250;15.49M;1,97%
06/01/2023;15.200;15.300;15.350;14.950;15.03M;-1,30%
05/31/2023;15.400;15.800;15.850;15.200;36.23M;-2,84%
05/30/2023;15.850;15.800;16.000;15.600;13.35M;0,96%
05/29/2023;15.700;15.500;15.700;15.350;9.60M;2,28%
05/26/2023;15.350;15.600;15.600;15.200;14.89M;-0,97%
05/25/2023;15.500;15.500;15.750;15.400;13.64M;-0,64%
05/24/2023;15.600;16.000;16.100;15.600;16.14M;-2,19%
05/23/2023;15.950;16.150;16.300;15.850;14.91M;-1,24%
05/22/2023;16.150;15.600;16.300;15.600;20.02M;3,86%
05/19/2023;15.550;15.500;15.750;15.400;6.17M;0,65%
05/18/2023;15.450;15.600;15.700;15.450;8.70M;-0,32%
05/17/2023;15.500;15.750;15.850;15.500;12.03M;-1,90%
05/16/2023;15.800;16.000;16.100;15.700;8.32M;-0,63%
05/15/2023;15.900;16.500;16.500;15.900;18.12M;-2,45%
05/12/2023;16.300;16.100;16.600;16.050;15.28M;1,24%
05/11/2023;16.100;15.950;16.400;15.900;16.68M;0,94%
05/10/2023;15.950;16.000;16.100;15.800;9.28M;0,00%
05/09/2023;15.950;15.700;16.250;15.650;18.28M;2,24%
05/08/2023;15.600;15.700;15.750;15.450;8.16M;0,32%
05/05/2023;15.550;15.400;15.800;15.300;11.24M;0,32%
05/04/2023;15.500;15.500;15.800;15.350;9.12M;0,00%
04/28/2023;15.500;15.500;15.600;15.250;8.18M;1,31%
04/27/2023;15.300;15.750;15.800;15.250;10.65M;-2,55%
04/26/2023;15.700;14.950;15.700;14.800;13.61M;5,02%
04/25/2023;14.950;14.700;15.200;14.700;6.78M;2,40%
04/24/2023;14.600;14.900;15.050;14.400;8.29M;-2,34%
04/21/2023;14.950;15.400;15.400;14.750;8.65M;-2,29%
04/20/2023;15.300;15.300;15.500;15.250;3.33M;0,00%
04/19/2023;15.300;15.750;15.800;15.300;5.74M;-2,55%
04/18/2023;15.700;15.700;15.800;15.600;6.04M;0,64%
04/17/2023;15.600;15.350;15.750;15.350;5.01M;1,63%
04/14/2023;15.350;15.300;15.650;15.200;10.68M;1,66%
04/13/2023;15.100;15.600;15.700;15.000;12.67M;-2,89%
04/12/2023;15.550;15.800;15.950;15.550;8.42M;-1,58%
04/11/2023;15.800;15.500;15.900;15.450;9.98M;1,28%
04/10/2023;15.600;16.200;16.350;15.600;22.75M;-3,70%
04/07/2023;16.200;16.400;16.550;15.950;14.89M;-1,22%
04/06/2023;16.400;16.800;17.100;16.400;21.57M;-1,80%
04/05/2023;16.700;16.400;16.750;16.300;15.56M;1,52%
04/04/2023;16.450;16.300;16.500;16.200;14.29M;1,54%
04/03/2023;16.200;16.350;16.400;16.050;12.70M;0,62%
03/31/2023;16.100;16.250;16.400;15.600;25.69M;-0,92%
03/30/2023;16.250;16.800;16.900;16.200;18.94M;-1,81%
03/29/2023;16.550;16.250;16.850;16.200;21.32M;1,85%
03/28/2023;16.250;16.500;16.600;16.250;10.53M;-0,61%
03/27/2023;16.350;16.000;16.500;15.800;18.24M;2,83%
03/24/2023;15.900;16.100;16.200;15.900;9.37M;-0,63%
03/23/2023;16.000;15.600;16.150;15.600;8.35M;0,95%
03/22/2023;15.850;16.300;16.300;15.850;8.71M;-1,55%
03/21/2023;16.100;15.900;16.200;15.600;8.97M;2,55%
03/20/2023;15.700;16.100;16.350;15.700;13.76M;-3,09%
03/17/2023;16.200;16.350;16.450;16.050;15.71M;0,62%
03/16/2023;16.100;16.300;16.500;16.000;15.62M;-2,72%
03/15/2023;16.550;16.000;16.550;15.850;18.76M;6,43%
03/14/2023;15.550;16.200;16.200;15.350;25.16M;-4,01%
03/13/2023;16.200;16.150;16.600;15.900;19.94M;-1,22%
03/10/2023;16.400;16.000;16.450;15.800;25.60M;0,92%
03/09/2023;16.250;16.300;16.700;16.250;27.86M;0,00%
03/08/2023;16.250;15.950;16.250;15.900;18.07M;0,93%
03/07/2023;16.100;15.500;16.300;15.500;24.69M;4,89%
03/06/2023;15.350;15.800;15.950;15.100;11.26M;0,33%
03/03/2023;15.300;15.700;16.150;15.300;25.03M;-1,29%
03/02/2023;15.500;15.600;15.850;15.350;12.09M;-0,32%
03/01/2023;15.550;14.550;15.550;14.350;17.92M;6,87%
02/28/2023;14.550;14.800;14.900;14.300;9.11M;1,04%
02/27/2023;14.400;14.800;15.000;14.400;20.53M;-5,26%
02/24/2023;15.200;15.800;15.950;15.000;13.66M;-3,80%
02/23/2023;15.800;15.150;15.800;14.500;23.89M;5,33%
02/22/2023;15.000;15.500;16.400;15.000;36.71M;-5,06%
02/21/2023;15.800;16.500;16.500;15.800;21.77M;-2,47%
02/20/2023;16.200;15.550;16.200;15.550;21.42M;4,52%
02/17/2023;15.500;15.850;15.950;15.350;16.61M;-2,21%
02/16/2023;15.850;15.300;15.900;15.000;31.95M;4,97%
02/15/2023;15.100;14.850;15.350;14.700;18.78M;1,68%
02/14/2023;14.850;14.400;15.100;14.350;15.71M;3,13%
02/13/2023;14.400;14.150;14.400;13.600;11.94M;0,00%
02/10/2023;14.400;14.200;14.600;13.900;12.67M;1,05%
02/09/2023;14.250;14.450;14.800;14.150;9.94M;-1,38%
02/08/2023;14.450;13.600;14.450;13.050;14.94M;6,64%
02/07/2023;13.550;14.550;14.750;13.550;26.70M;-6,87%
02/06/2023;14.550;14.500;14.700;14.100;10.27M;-1,02%
02/03/2023;14.700;14.550;15.000;14.400;10.21M;1,38%
02/02/2023;14.500;14.850;15.000;14.450;15.22M;-1,02%
02/01/2023;14.650;15.700;16.200;14.450;31.44M;-5,48%
01/31/2023;15.500;15.000;15.500;14.850;15.75M;3,68%
01/30/2023;14.950;14.900;15.700;14.750;17.27M;0,00%
01/27/2023;14.950;14.650;15.100;14.300;13.80M;2,75%
01/19/2023;14.550;14.500;15.000;14.450;16.17M;0,00%
01/18/2023;14.550;15.000;15.100;14.550;14.97M;-0,68%
01/17/2023;14.650;13.900;14.650;13.850;20.55M;6,93%
01/16/2023;13.700;13.250;13.900;12.950;17.17M;4,58%
01/13/2023;13.100;13.500;13.550;13.100;8.03M;-0,76%
01/12/2023;13.200;13.300;13.300;12.950;8.99M;0,76%
01/11/2023;13.100;13.100;13.650;12.950;14.78M;1,95%
01/10/2023;12.850;12.500;13.200;12.050;13.31M;2,80%
01/09/2023;12.500;12.850;13.050;12.500;8.30M;-1,19%
01/06/2023;12.650;13.200;13.400;12.550;12.63M;-4,17%
01/05/2023;13.200;12.700;13.200;12.350;14.84M;4,35%
01/04/2023;12.650;12.800;12.900;12.500;10.83M;2,43%
01/03/2023;12.350;11.650;12.350;11.650;8.73M;6,93%
12/30/2022;11.550;11.700;11.950;11.500;5.66M;0,00%
12/29/2022;11.550;11.800;12.100;11.450;7.47M;-2,94%
12/28/2022;11.900;12.000;12.200;11.800;8.25M;1,28%
12/27/2022;11.750;10.900;11.750;10.800;11.90M;6,82%
12/26/2022;11.000;11.800;11.800;11.000;14.47M;-6,78%
12/23/2022;11.800;12.450;12.450;11.800;14.45M;-5,98%
12/22/2022;12.550;13.300;13.500;12.400;13.77M;-4,56%
12/21/2022;13.150;13.950;14.150;12.750;20.19M;-4,01%
12/20/2022;13.700;13.650;14.100;12.800;30.95M;0,00%
12/19/2022;13.700;13.850;14.400;13.600;26.07M;1,48%
12/16/2022;13.500;12.500;13.500;12.400;33.05M;6,72%
12/15/2022;12.650;12.600;13.000;12.500;9.71M;0,00%
12/14/2022;12.650;12.950;13.200;12.600;14.47M;-0,39%
12/13/2022;12.700;12.050;12.700;11.550;12.88M;5,39%
12/12/2022;12.050;13.000;13.350;12.050;17.11M;-6,95%
12/09/2022;12.950;12.450;13.150;12.200;14.20M;4,44%
12/08/2022;12.400;11.950;12.400;11.900;13.77M;6,90%
12/07/2022;11.600;11.850;12.350;11.400;18.35M;-5,31%
12/06/2022;12.250;13.100;13.200;12.250;24.49M;-6,84%
12/05/2022;13.150;12.850;13.150;12.600;16.71M;6,91%
12/02/2022;12.300;11.250;12.300;11.150;15.27M;6,96%
12/01/2022;11.500;11.500;12.000;11.300;21.81M;2,22%
11/30/2022;11.250;10.900;11.400;10.600;13.65M;3,21%
11/29/2022;10.900;10.900;11.200;10.150;19.48M;3,32%
11/28/2022;10.550;10.300;10.550;10.200;12.40M;7,00%
11/25/2022;9.860;9.700;9.860;9.400;12.85M;6,94%
11/24/2022;9.220;8.490;9.220;8.450;13.81M;6,96%
11/23/2022;8.620;9.190;9.500;8.570;10.94M;-6,30%
11/22/2022;9.200;9.500;10.150;9.180;15.28M;-4,27%
11/21/2022;9.610;9.200;9.610;9.100;11.42M;6,90%
11/18/2022;8.990;8.800;8.990;8.570;21.80M;6,90%
11/17/2022;8.410;8.410;8.410;8.350;5.69M;7,00%
11/16/2022;7.860;7.070;7.860;6.850;10.74M;6,94%
11/15/2022;7.350;7.310;7.950;7.210;13.10M;-3,92%
11/14/2022;7.650;7.700;8.050;7.540;11.91M;-5,56%
11/11/2022;8.100;8.800;8.990;8.100;12.38M;-6,90%
11/10/2022;8.700;8.820;9.200;8.700;16.21M;-6,95%
11/09/2022;9.350;9.630;10.100;9.100;8.12M;-2,91%
11/08/2022;9.630;9.750;10.050;9.630;14.94M;-6,96%
11/07/2022;10.350;10.900;11.200;10.350;12.16M;-6,76%
11/04/2022;11.100;11.750;11.850;11.100;18.13M;-6,72%
11/03/2022;11.900;12.150;12.450;11.900;10.05M;-4,03%
11/02/2022;12.400;11.750;12.400;11.700;13.72M;6,44%
11/01/2022;11.650;11.950;12.150;11.450;10.71M;2,19%
10/31/2022;11.400;11.400;11.900;11.400;21.41M;-6,94%
10/28/2022;12.250;13.300;13.400;12.250;16.23M;-6,84%
10/27/2022;13.150;12.350;13.150;12.350;10.61M;6,91%
10/26/2022;12.300;12.550;12.800;12.200;5.79M;-1,20%
10/25/2022;12.450;11.700;12.450;11.600;16.61M;6,87%
10/24/2022;11.650;12.300;12.400;11.650;14.56M;-6,80%
10/21/2022;12.500;13.500;13.500;12.500;16.12M;-6,72%
10/20/2022;13.400;13.300;13.700;13.200;6.15M;0,75%
10/19/2022;13.300;13.800;13.900;13.300;9.50M;-4,32%
10/18/2022;13.900;14.250;14.400;13.800;9.43M;-1,07%
10/17/2022;14.050;13.800;14.100;13.500;9.80M;-0,71%
10/14/2022;14.150;14.100;14.200;13.750;13.33M;2,17%
10/13/2022;13.850;13.600;14.000;13.400;8.67M;1,84%
10/12/2022;13.600;13.100;13.600;13.050;12.18M;6,67%
10/11/2022;12.750;12.850;13.300;12.500;15.23M;1,19%
10/10/2022;12.600;11.500;12.600;11.500;9.55M;6,78%
10/07/2022;11.800;12.100;12.400;11.800;10.42M;-6,72%
10/06/2022;12.650;13.550;13.650;12.650;8.35M;-6,64%
10/05/2022;13.550;13.450;13.700;13.200;4.89M;3,83%
10/04/2022;13.050;14.000;14.100;13.050;6.78M;-5,43%
10/03/2022;13.800;14.800;14.850;13.800;8.85M;-6,76%
09/30/2022;14.800;14.750;14.900;13.900;7.24M;0,00%
09/29/2022;14.800;15.400;15.500;14.800;4.76M;-1,33%
09/28/2022;15.000;15.050;15.450;14.850;7.44M;-0,66%
09/27/2022;15.100;15.400;15.500;15.100;4.30M;-0,66%
09/26/2022;15.200;15.600;15.900;15.100;8.17M;-6,17%
09/23/2022;16.200;16.300;16.550;16.000;6.40M;-0,92%
09/22/2022;16.350;15.900;16.600;15.700;7.52M;1,55%
09/21/2022;16.100;15.900;16.350;15.900;5.26M;-0,62%
09/20/2022;16.200;16.300;16.350;15.400;7.26M;1,25%
09/19/2022;16.000;17.300;17.350;16.000;16.70M;-6,98%
09/16/2022;17.200;17.850;18.050;17.200;13.89M;-4,97%
09/15/2022;18.100;18.250;18.650;18.100;7.31M;0,00%
09/14/2022;18.100;17.850;18.250;17.800;14.52M;3,43%
09/13/2022;17.500;17.917;18.000;17.083;18.08M;-2,33%
09/12/2022;17.917;18.167;18.500;17.917;13.74M;0,00%
09/09/2022;17.917;17.375;17.917;16.792;15.64M;3,37%
09/08/2022;17.333;18.167;18.208;17.333;12.83M;-3,26%
09/07/2022;17.917;18.583;18.708;17.917;26.71M;-2,71%
09/06/2022;18.417;18.750;18.917;18.292;17.08M;-0,67%
09/05/2022;18.542;17.500;18.542;17.500;30.62M;6,97%
08/31/2022;17.333;17.125;17.667;17.083;10.65M;1,46%
08/30/2022;17.083;17.500;17.625;17.083;8.14M;-0,97%
08/29/2022;17.250;17.333;17.500;16.750;16.07M;-3,04%
08/26/2022;17.792;18.250;18.250;17.708;12.71M;-2,51%
08/25/2022;18.250;18.000;18.458;17.792;16.53M;2,58%
08/24/2022;17.792;17.917;18.167;17.750;11.03M;-0,70%
08/23/2022;17.917;17.333;17.917;17.333;12.11M;3,37%
08/22/2022;17.333;17.000;17.583;16.833;10.93M;1,96%
08/19/2022;17.000;17.583;17.792;16.875;17.71M;-3,32%
08/18/2022;17.583;17.417;17.833;17.417;8.15M;-0,24%
08/17/2022;17.625;18.083;18.208;17.458;17.25M;-2,76%
08/16/2022;18.125;17.958;18.833;17.917;19.38M;0,93%
08/15/2022;17.958;18.250;18.417;17.917;13.48M;-0,69%
08/12/2022;18.083;16.917;18.083;16.792;29.11M;6,90%
08/11/2022;16.917;17.667;17.750;16.583;13.46M;-2,87%
08/10/2022;17.417;17.042;17.417;16.708;15.97M;1,70%
08/09/2022;17.125;17.292;17.667;17.000;12.11M;-0,96%
08/08/2022;17.292;17.167;17.458;16.917;13.19M;1,22%
08/05/2022;17.083;16.583;17.250;16.500;13.22M;3,02%
08/04/2022;16.583;16.750;17.000;16.333;15.09M;1,79%
08/03/2022;16.292;15.083;16.292;15.042;18.26M;6,83%
08/02/2022;15.250;15.167;15.625;15.083;11.58M;1,11%
08/01/2022;15.083;14.125;15.083;14.083;14.20M;6,78%
07/29/2022;14.125;14.292;14.500;14.083;4.75M;-0,29%
07/28/2022;14.167;14.042;14.250;13.917;4.44M;3,03%
07/27/2022;13.750;13.458;13.750;13.417;6.26M;-0,60%
07/26/2022;13.833;14.625;14.750;13.833;11.66M;-5,68%
07/25/2022;14.667;15.000;15.042;14.583;5.91M;-2,76%
07/22/2022;15.083;15.250;15.417;15.083;4.13M;-1,09%
07/21/2022;15.250;15.083;15.625;15.083;10.77M;1,67%
07/20/2022;15.000;14.833;15.333;14.625;11.52M;3,15%
07/19/2022;14.542;14.708;14.750;14.417;4.75M;-1,69%
07/18/2022;14.792;15.292;15.333;14.750;8.21M;-2,47%
07/15/2022;15.167;15.250;15.792;15.167;11.29M;1,11%
07/14/2022;15.000;14.917;15.125;14.333;8.27M;0,56%
07/13/2022;14.917;15.333;15.583;14.833;7.04M;-1,10%
07/12/2022;15.083;14.833;15.542;14.625;9.12M;1,69%
07/11/2022;14.833;15.083;15.458;14.417;8.70M;-2,20%
07/08/2022;15.167;14.667;15.292;14.583;8.23M;5,20%
07/07/2022;14.417;14.458;14.625;14.083;5.61M;0,87%
07/06/2022;14.292;14.083;15.167;13.917;11.41M;-0,29%
07/05/2022;14.333;14.000;14.875;14.000;10.62M;1,78%
07/04/2022;14.083;14.208;14.458;14.000;5.43M;0,00%
07/01/2022;14.083;13.417;14.208;12.833;7.54M;4,97%
06/30/2022;13.417;14.667;14.833;13.417;8.83M;-6,67%
06/29/2022;14.375;13.708;14.708;13.625;7.63M;2,99%
06/28/2022;13.958;14.167;14.417;13.875;5.50M;-1,47%
06/27/2022;14.167;13.417;14.167;13.042;9.92M;6,92%
06/24/2022;13.250;12.750;13.500;12.625;12.35M;4,95%
06/23/2022;12.625;12.667;12.708;12.250;5.08M;0,33%
06/22/2022;12.583;12.167;12.583;11.958;8.01M;6,71%
06/21/2022;11.792;11.500;12.625;11.500;16.55M;-4,07%
06/20/2022;12.292;13.000;13.417;12.292;14.71M;-6,94%
06/17/2022;13.208;13.500;14.000;13.208;12.91M;-6,77%
06/16/2022;14.167;15.083;15.125;13.958;7.88M;-2,58%
06/15/2022;14.542;15.417;15.792;14.542;13.94M;-6,93%
06/14/2022;15.625;16.042;16.458;15.625;14.86M;-6,95%
06/13/2022;16.792;17.208;17.500;16.792;9.24M;-6,93%
06/10/2022;18.042;18.250;19.000;18.042;9.68M;-2,91%
06/09/2022;18.583;17.708;18.708;17.458;10.74M;6,19%
06/08/2022;17.500;17.083;17.792;16.958;8.11M;2,69%
06/07/2022;17.042;17.750;17.833;16.667;9.65M;-4,88%
06/06/2022;17.917;18.375;18.667;17.708;5.54M;-2,71%
06/03/2022;18.417;18.125;18.750;17.917;8.73M;2,08%
06/02/2022;18.042;18.750;19.000;17.833;14.15M;-4,20%
06/01/2022;18.833;18.917;19.250;18.500;10.77M;-0,88%
05/31/2022;19.000;19.167;19.208;18.833;7.20M;-1,08%
05/30/2022;19.208;19.583;19.667;19.042;9.87M;-0,65%
05/27/2022;19.333;18.250;19.333;18.083;19.38M;6,91%
05/26/2022;18.083;17.917;18.333;17.750;8.68M;2,36%
05/25/2022;17.667;16.875;17.792;16.458;11.94M;4,95%
05/24/2022;16.833;17.667;17.708;16.417;13.91M;-4,49%
05/23/2022;17.625;18.125;18.500;17.333;9.14M;-1,63%
05/20/2022;17.917;17.458;18.125;17.083;7.89M;2,63%
05/19/2022;17.458;17.417;17.875;17.208;4.73M;-2,10%
05/18/2022;17.833;17.917;18.417;17.792;5.89M;1,18%
05/17/2022;17.625;15.833;17.625;15.542;15.04M;6,82%
05/16/2022;16.500;17.500;18.458;16.500;12.79M;-6,82%
05/13/2022;17.708;18.750;19.333;17.708;11.64M;-6,80%
05/12/2022;19.000;20.083;20.333;19.000;8.84M;-6,94%
05/11/2022;20.417;20.500;21.042;19.958;7.13M;-0,41%
05/10/2022;20.500;19.167;20.708;18.958;7.28M;1,65%
05/09/2022;20.167;20.917;21.583;20.167;8.37M;-6,92%
05/06/2022;21.667;19.333;21.958;19.333;22.45M;5,48%
05/05/2022;20.542;21.958;22.375;20.458;21.09M;-6,45%
05/04/2022;21.958;22.250;22.792;21.958;19.34M;-6,89%
04/29/2022;23.583;23.583;24.042;23.542;6.19M;-0,18%
04/28/2022;23.625;23.833;24.458;23.625;3.91M;-1,90%
04/27/2022;24.083;23.333;24.167;23.083;5.32M;1,76%
04/26/2022;23.667;22.500;23.667;22.042;8.82M;1,07%
04/25/2022;23.417;25.000;25.417;23.417;9.18M;-6,95%
04/22/2022;25.167;25.250;25.667;24.167;6.87M;0,33%
04/21/2022;25.083;24.333;25.500;23.833;10.27M;0,00%
04/20/2022;25.083;25.083;25.833;25.000;7.79M;-0,66%
04/19/2022;25.250;26.500;26.583;25.042;5.84M;-2,57%
04/18/2022;25.917;27.500;27.667;25.917;9.07M;-6,33%
04/15/2022;27.667;27.750;28.708;27.667;6.99M;0,00%
04/14/2022;27.667;27.792;28.417;27.542;4.80M;0,30%
04/13/2022;27.583;27.542;27.917;26.833;5.21M;0,91%
04/12/2022;27.333;28.250;28.583;27.333;8.43M;-0,15%
04/08/2022;27.375;29.708;29.708;27.375;15.74M;-6,94%
04/07/2022;29.417;30.000;30.250;29.333;5.95M;-1,81%
04/06/2022;29.958;29.500;30.583;29.500;8.20M;0,84%
04/05/2022;29.708;29.792;30.125;29.667;5.13M;0,00%
04/04/2022;29.708;30.083;30.125;29.667;5.38M;-0,28%
04/01/2022;29.792;29.000;29.917;29.000;7.35M;2,14%
03/31/2022;29.167;30.500;30.833;28.833;15.62M;-3,58%
03/30/2022;30.250;30.917;31.458;30.208;13.25M;-3,33%
03/29/2022;31.292;31.792;31.792;31.208;8.03M;-0,66%
03/28/2022;31.500;31.417;32.083;31.083;11.15M;-0,13%
03/25/2022;31.542;31.333;32.083;30.917;12.69M;0,80%
03/24/2022;31.292;31.792;31.875;31.250;10.03M;-1,05%
03/23/2022;31.625;32.500;32.750;31.625;16.11M;-2,19%
03/22/2022;32.333;31.833;32.375;30.917;19.90M;1,57%
03/21/2022;31.833;32.125;32.667;31.750;11.74M;0,92%
03/18/2022;31.542;30.917;31.750;30.542;15.92M;3,27%
03/17/2022;30.542;31.417;31.583;30.458;12.01M;-1,87%
03/16/2022;31.125;31.333;31.708;30.958;8.23M;0,40%
03/15/2022;31.000;31.667;32.250;30.583;15.52M;-2,11%
03/14/2022;31.667;33.750;34.000;31.667;15.83M;-4,16%
03/11/2022;33.042;34.167;34.667;32.667;16.70M;-3,17%
03/10/2022;34.125;34.333;35.083;33.875;13.35M;-1,21%
03/09/2022;34.542;34.250;34.958;33.125;18.25M;2,60%
03/08/2022;33.667;34.750;35.333;33.458;17.87M;-4,83%
03/07/2022;35.375;34.583;36.250;34.417;18.63M;4,04%
03/04/2022;34.000;35.333;35.333;33.917;18.92M;-3,09%
03/03/2022;35.083;33.500;35.208;33.333;25.47M;6,18%
03/02/2022;33.042;32.417;33.250;32.417;14.65M;1,67%
03/01/2022;32.500;33.000;34.000;32.333;26.85M;1,70%
02/28/2022;31.958;30.167;31.958;30.000;26.24M;6,97%
02/25/2022;29.875;30.250;30.250;29.583;6.27M;0,84%
02/24/2022;29.625;30.458;30.917;29.000;10.64M;-2,74%
02/23/2022;30.458;29.833;30.750;29.792;6.60M;2,09%
02/22/2022;29.833;30.000;30.375;29.208;10.87M;-2,59%
02/21/2022;30.625;31.208;31.417;30.542;8.78M;-1,34%
02/18/2022;31.042;30.167;31.417;30.083;11.78M;1,78%
02/17/2022;30.500;30.417;31.000;30.167;5.91M;0,41%
02/16/2022;30.375;30.000;30.375;29.625;6.97M;1,39%
02/15/2022;29.958;30.292;30.667;29.083;11.48M;-0,96%
02/14/2022;30.250;30.458;31.667;30.250;11.70M;-2,16%
02/11/2022;30.917;30.042;31.250;29.750;11.54M;1,92%
02/10/2022;30.333;30.792;31.333;30.125;14.05M;-0,14%
02/09/2022;30.375;28.958;30.375;28.750;10.25M;6,89%
02/08/2022;28.417;26.333;28.417;26.292;8.29M;6,90%
02/07/2022;26.583;25.833;26.750;25.333;4.46M;5,11%
01/28/2022;25.292;25.500;25.792;25.250;3.50M;0,17%
01/27/2022;25.250;26.000;26.250;25.000;5.28M;-1,94%
01/26/2022;25.750;26.083;26.417;25.750;3.65M;0,32%
01/25/2022;25.667;25.000;25.750;24.583;5.54M;2,50%
01/24/2022;25.042;26.875;26.875;25.042;9.24M;-6,97%
01/21/2022;26.917;27.792;27.792;26.917;6.14M;-3,29%
01/20/2022;27.833;27.333;28.000;26.583;5.25M;1,21%
01/19/2022;27.500;27.917;28.000;27.292;3.70M;-0,45%
01/18/2022;27.625;27.750;28.333;26.000;9.12M;0,45%
01/17/2022;27.500;29.458;29.625;27.500;9.96M;-6,91%
01/14/2022;29.542;29.583;30.417;29.417;3.28M;-1,80%
01/13/2022;30.083;29.625;30.667;29.333;8.11M;2,56%
01/12/2022;29.333;28.833;29.583;28.583;7.79M;1,73%
01/11/2022;28.833;29.667;29.958;28.833;5.82M;-2,12%
01/10/2022;29.458;29.750;30.333;29.417;6.29M;0,00%
01/07/2022;29.458;29.667;30.208;29.333;10.11M;-1,26%
01/06/2022;29.833;30.667;30.667;29.667;11.47M;-3,24%
01/05/2022;30.833;31.375;31.750;30.792;7.09M;-1,33%
01/04/2022;31.250;31.458;32.000;31.167;8.69M;0,27%
12/31/2021;31.167;30.750;31.542;30.583;9.69M;1,36%
12/30/2021;30.750;31.000;31.125;30.500;3.85M;0,00%
12/29/2021;30.750;29.917;31.125;29.708;8.87M;2,79%
12/28/2021;29.917;29.250;30.208;29.083;8.73M;1,84%
12/27/2021;29.375;30.000;30.000;29.250;3.29M;-1,26%
12/24/2021;29.750;30.000;30.375;29.375;6.82M;1,71%
12/23/2021;29.250;28.750;29.250;27.542;11.22M;2,18%
12/22/2021;28.625;29.083;29.500;28.417;7.49M;-1,43%
12/21/2021;29.042;29.583;29.708;28.833;10.48M;-2,38%
12/20/2021;29.750;30.000;30.500;29.667;6.47M;-1,11%
12/17/2021;30.083;30.917;30.917;30.083;8.39M;-2,83%
12/16/2021;30.958;31.250;31.542;30.667;5.40M;-0,93%
12/15/2021;31.250;31.625;32.083;31.250;7.04M;-0,27%
12/14/2021;31.333;29.333;31.333;29.292;11.85M;6,97%
12/13/2021;29.292;28.833;29.500;28.792;5.60M;1,88%
12/10/2021;28.750;29.708;29.792;28.750;10.17M;-2,68%
12/09/2021;29.542;29.542;30.042;29.333;4.68M;-0,14%
12/08/2021;29.583;30.667;30.667;29.542;4.67M;-1,66%
12/07/2021;30.083;29.917;30.375;29.083;8.04M;3,44%
12/06/2021;29.083;30.917;31.500;29.083;14.88M;-6,93%
12/03/2021;31.250;32.958;32.958;31.250;9.95M;-4,82%
12/02/2021;32.833;33.083;33.167;32.708;4.01M;0,25%
12/01/2021;32.750;32.958;33.417;32.667;5.44M;-0,63%
11/30/2021;32.958;32.667;33.625;32.333;11.01M;1,67%
11/29/2021;32.417;32.375;32.917;32.375;5.52M;-2,14%
11/26/2021;33.125;32.750;33.750;32.750;9.69M;1,92%
11/25/2021;32.500;31.667;32.792;31.667;9.63M;2,77%
11/24/2021;31.625;32.625;32.625;31.500;11.42M;-2,94%
11/23/2021;32.583;32.167;32.792;32.083;6.14M;1,82%
11/22/2021;32.000;31.250;32.583;31.250;8.81M;2,40%
11/19/2021;31.250;33.167;33.250;30.958;17.73M;-6,02%
11/18/2021;33.250;35.250;35.333;33.250;22.08M;-6,12%
11/17/2021;35.417;35.917;36.417;35.417;8.09M;-1,39%
11/16/2021;35.917;36.167;37.000;35.875;6.11M;-1,37%
11/15/2021;36.417;37.250;37.292;36.292;8.80M;-2,24%
11/12/2021;37.250;36.250;37.542;36.250;7.66M;2,76%
11/11/2021;36.250;36.750;37.000;35.833;17.53M;-2,25%
11/10/2021;37.083;37.833;38.042;37.000;15.61M;-2,52%
11/09/2021;38.042;38.500;38.750;38.042;7.75M;-0,87%
11/08/2021;38.375;38.750;39.000;38.125;8.97M;-0,86%
11/05/2021;38.708;38.417;39.167;37.750;9.63M;1,42%
11/04/2021;38.167;37.500;38.500;37.083;8.92M;1,89%
11/03/2021;37.458;38.333;38.500;37.083;18.19M;-1,86%
11/02/2021;38.167;38.333;39.125;38.042;13.38M;-0,43%
11/01/2021;38.333;39.583;39.667;38.208;20.88M;-2,95%
10/29/2021;39.500;40.250;40.333;39.042;13.77M;-1,25%
10/28/2021;40.000;40.500;40.500;39.792;8.24M;-0,10%
10/27/2021;40.042;39.958;40.167;39.542;8.51M;0,84%
10/26/2021;39.708;38.750;39.833;38.333;11.02M;1,38%
10/25/2021;39.167;40.750;40.833;39.167;18.65M;-4,08%
10/22/2021;40.833;41.375;41.375;40.667;8.40M;-0,81%
10/21/2021;41.167;41.250;41.583;40.750;9.63M;0,41%
10/20/2021;41.000;41.250;41.292;40.250;12.18M;-0,20%
10/19/2021;41.083;41.417;41.583;40.833;11.62M;-1,10%
10/18/2021;41.542;41.750;42.750;41.333;12.92M;0,20%
10/15/2021;41.458;40.542;41.917;40.542;18.02M;2,68%
10/14/2021;40.375;40.083;40.667;40.000;12.12M;0,73%
10/13/2021;40.083;40.417;40.667;39.875;8.43M;-0,52%
10/12/2021;40.292;40.083;40.292;39.750;12.57M;1,05%
10/11/2021;39.875;40.000;40.583;39.583;10.76M;0,42%
10/08/2021;39.708;39.792;40.250;39.500;8.76M;0,10%
10/07/2021;39.667;40.375;40.417;39.583;13.82M;-1,55%
10/06/2021;40.292;40.000;40.625;39.875;8.99M;1,05%
10/05/2021;39.875;40.542;40.583;39.875;12.20M;-1,64%
10/04/2021;40.542;39.500;40.708;39.292;17.53M;4,06%
10/01/2021;38.958;38.417;39.417;38.375;11.34M;0,54%
09/30/2021;38.750;38.375;39.333;38.375;11.60M;1,31%
09/29/2021;38.250;37.917;38.750;37.917;8.98M;-0,22%
09/28/2021;38.333;36.667;38.500;36.292;12.42M;4,55%
09/27/2021;36.667;38.250;38.583;36.667;15.55M;-3,08%
09/24/2021;37.833;38.583;39.000;37.500;14.70M;-2,37%
09/23/2021;38.750;39.000;39.625;38.333;11.60M;-0,21%
09/22/2021;38.833;39.000;39.250;38.417;8.21M;-0,21%
09/21/2021;38.917;36.667;39.000;36.667;21.05M;3,78%
09/20/2021;37.500;39.583;39.667;37.500;25.64M;-4,26%
09/17/2021;39.167;39.167;40.250;38.875;18.94M;0,00%
09/16/2021;39.167;39.250;39.917;38.458;15.46M;0,53%
09/15/2021;38.958;36.333;39.000;36.125;24.58M;6,86%
09/14/2021;36.458;36.375;37.042;36.375;12.05M;-0,11%
09/13/2021;36.500;37.500;37.667;36.375;16.46M;-2,45%
09/10/2021;37.417;37.500;37.875;36.833;14.63M;0,00%
09/09/2021;37.417;36.583;37.708;36.292;21.93M;3,34%
09/08/2021;36.208;35.083;36.500;34.792;21.51M;3,21%
09/07/2021;35.083;36.250;36.417;35.083;20.65M;-1,75%
09/06/2021;35.708;33.750;35.708;33.708;26.75M;6,99%
09/01/2021;33.375;32.625;33.667;32.625;12.53M;0,38%
08/31/2021;33.250;33.583;33.750;32.583;13.13M;0,50%
08/30/2021;33.083;32.083;33.167;32.000;12.95M;3,79%
08/27/2021;31.875;31.417;32.042;31.083;8.97M;0,39%
08/26/2021;31.750;32.458;32.500;31.583;10.46M;-1,55%
08/25/2021;32.250;31.417;32.458;31.208;12.07M;2,93%
08/24/2021;31.333;31.250;31.708;30.833;8.12M;0,27%
08/23/2021;31.250;31.750;32.167;31.250;13.04M;-3,23%
08/20/2021;32.292;33.500;33.625;31.417;27.03M;-4,20%
08/19/2021;33.708;33.375;33.833;33.292;9.71M;1,38%
08/18/2021;33.250;33.125;33.875;33.000;14.13M;0,25%
08/17/2021;33.167;31.958;33.250;31.958;26.28M;4,46%
08/16/2021;31.750;31.667;31.958;31.292;10.09M;1,60%
08/13/2021;31.250;31.250;31.417;30.292;15.82M;-0,13%
08/12/2021;31.292;31.667;32.083;31.250;12.32M;-1,83%
08/11/2021;31.875;32.500;32.583;31.833;10.74M;-1,29%
08/10/2021;32.292;32.667;33.000;32.083;10.86M;-0,13%
08/09/2021;32.333;31.333;32.458;31.208;13.03M;2,11%
08/06/2021;31.667;32.167;32.167;31.667;11.79M;-1,55%
08/05/2021;32.167;31.125;32.167;30.917;12.64M;2,93%
08/04/2021;31.250;30.917;31.417;30.792;12.25M;1,35%
08/03/2021;30.833;31.250;31.500;30.333;21.16M;-1,07%
08/02/2021;31.167;30.750;31.792;30.667;19.81M;0,27%
07/30/2021;31.083;30.750;31.333;30.667;11.55M;1,08%
07/29/2021;30.750;29.958;30.958;29.917;13.24M;2,79%
07/28/2021;29.917;29.500;30.250;29.500;15.09M;0,56%
07/27/2021;29.750;29.417;30.083;29.083;16.75M;3,78%
07/26/2021;28.667;28.833;29.167;27.833;14.56M;-1,57%
07/23/2021;29.125;29.958;30.208;29.083;16.21M;-3,72%
07/22/2021;30.250;29.708;30.542;29.583;15.68M;1,40%
07/21/2021;29.833;30.583;30.583;29.583;18.25M;1,13%
07/20/2021;29.500;27.917;29.500;27.083;19.09M;6,95%
07/19/2021;27.583;28.333;28.833;27.583;14.27M;-6,76%
07/16/2021;29.583;30.000;30.333;29.333;11.57M;-1,39%
07/15/2021;30.000;28.417;30.000;28.375;11.79M;4,65%
07/14/2021;28.667;28.792;29.208;27.833;12.70M;1,33%
07/13/2021;28.292;28.000;28.417;27.500;12.84M;2,88%
07/12/2021;27.500;28.917;29.042;27.500;23.43M;-6,91%
07/09/2021;29.542;30.583;31.333;28.833;18.78M;-4,45%
07/08/2021;30.917;32.542;32.667;30.750;18.97M;-4,63%
07/07/2021;32.417;32.500;33.042;31.625;15.66M;0,52%
07/06/2021;32.250;34.750;35.375;32.250;17.63M;-6,97%
07/05/2021;34.667;35.417;35.417;34.167;11.86M;-1,89%
07/02/2021;35.333;35.833;35.833;35.250;13.12M;-0,47%
07/01/2021;35.500;35.042;35.667;34.875;15.75M;1,67%
06/30/2021;34.917;35.000;35.458;34.750;10.46M;-0,24%
06/29/2021;35.000;35.792;35.792;34.708;11.91M;-1,75%
06/28/2021;35.625;35.417;36.125;35.208;20.38M;3,51%
06/25/2021;34.417;33.875;34.542;33.250;8.57M;1,98%
06/24/2021;33.750;34.292;34.583;33.583;9.15M;-1,58%
06/23/2021;34.292;34.833;34.833;34.125;7.37M;-1,55%
06/22/2021;34.833;35.250;35.417;34.750;10.37M;-0,95%
06/21/2021;35.167;35.750;36.167;35.000;15.06M;-1,86%
06/18/2021;35.833;35.000;35.875;34.583;23.16M;2,87%
06/17/2021;34.833;33.000;35.000;33.000;13.29M;3,21%
06/16/2021;33.750;34.833;34.833;33.333;12.74M;-3,23%
06/15/2021;34.875;34.917;35.333;34.417;12.87M;2,53%
06/14/2021;34.015;34.091;34.242;33.712;13.55M;1,93%
06/11/2021;33.371;32.955;33.712;32.689;12.62M;1,26%
06/10/2021;32.955;32.462;33.561;32.424;13.18M;0,69%
06/09/2021;32.727;32.045;33.182;31.212;17.42M;2,25%
06/08/2021;32.008;34.394;34.773;32.008;19.33M;-6,94%
06/07/2021;34.394;35.227;35.606;33.712;15.11M;-1,52%
06/04/2021;34.924;33.750;35.114;33.712;16.37M;3,60%
06/03/2021;33.712;32.955;34.091;32.576;14.19M;2,77%
06/02/2021;32.803;32.500;33.258;32.273;15.67M;-0,46%
06/01/2021;32.955;33.636;34.318;32.955;14.72M;-0,91%
05/31/2021;33.258;32.424;33.258;31.742;16.35M;6,42%
05/28/2021;31.250;31.023;31.439;30.530;16.55M;2,36%
05/27/2021;30.530;30.227;31.364;30.189;14.91M;0,75%
05/26/2021;30.303;30.606;30.909;30.114;15.61M;-0,50%
05/25/2021;30.455;28.788;30.568;28.636;26.13M;5,79%
05/24/2021;28.788;29.015;29.470;28.788;13.68M;0,26%
05/21/2021;28.712;28.409;29.053;28.371;14.18M;-0,39%
05/20/2021;28.826;28.939;29.318;28.826;17.26M;-1,68%
05/19/2021;29.318;29.432;29.849;29.167;17.57M;0,65%
05/18/2021;29.129;28.939;29.697;28.788;20.17M;2,53%
05/17/2021;28.409;27.727;28.674;27.121;21.26M;1,90%
05/14/2021;27.879;28.409;28.788;27.689;22.91M;-1,60%
05/13/2021;28.333;29.015;29.545;28.333;17.66M;-1,84%
05/12/2021;28.864;28.333;28.902;28.068;19.74M;0,93%
05/11/2021;28.599;29.697;30.000;28.333;34.08M;-3,70%
05/10/2021;29.697;27.917;29.697;27.803;18.63M;6,81%
05/07/2021;27.803;26.174;28.144;26.174;27.56M;5,16%
05/06/2021;26.439;25.152;26.818;25.114;24.70M;4,18%
05/05/2021;25.379;25.644;26.136;25.379;15.69M;-0,30%
05/04/2021;25.455;23.636;25.530;23.485;24.83M;5,83%
04/29/2021;24.053;23.939;24.508;23.712;16.98M;1,44%
04/28/2021;23.712;23.788;24.205;23.371;12.84M;-0,32%
04/27/2021;23.788;22.879;24.167;22.879;14.42M;3,97%
04/26/2021;22.879;22.879;23.523;22.803;13.66M;0,17%
04/23/2021;22.841;22.424;22.879;22.045;12.27M;2,73%
04/22/2021;22.235;23.826;24.167;22.235;14.35M;-6,97%
04/20/2021;23.902;24.659;24.735;23.712;18.63M;-3,07%
04/19/2021;24.659;24.167;24.773;23.750;16.25M;3,50%
04/16/2021;23.826;23.939;24.205;23.106;15.28M;-0,32%
04/15/2021;23.902;22.879;24.129;22.500;22.11M;5,34%
04/14/2021;22.689;21.970;22.879;21.667;12.13M;2,22%
04/13/2021;22.197;22.917;23.030;22.197;13.85M;-3,30%
04/12/2021;22.955;22.955;23.068;22.841;11.54M;0,50%
04/09/2021;22.841;22.386;22.955;22.349;10.82M;2,03%
04/08/2021;22.386;22.311;22.538;22.159;11.32M;1,03%
04/07/2021;22.159;21.591;22.349;21.477;9.50M;2,63%
04/06/2021;21.591;21.742;21.970;21.591;7.49M;-1,21%
04/05/2021;21.856;22.045;22.121;21.667;9.79M;-0,17%
04/02/2021;21.894;22.197;22.273;21.780;11.51M;-0,35%
04/01/2021;21.970;21.932;22.083;21.742;11.74M;2,11%
03/31/2021;21.515;21.136;21.705;21.061;9.16M;1,97%
03/30/2021;21.099;21.136;21.136;20.795;6.99M;0,72%
03/29/2021;20.947;20.909;20.985;20.682;6.99M;1,10%
03/26/2021;20.720;20.606;20.947;19.773;12.04M;0,18%
03/25/2021;20.682;20.795;21.023;20.455;11.32M;0,74%
03/24/2021;20.530;21.364;21.629;20.530;12.97M;-5,24%
03/23/2021;21.667;21.742;22.045;21.402;8.39M;-0,52%
03/22/2021;21.780;22.121;22.235;21.780;7.03M;-1,20%
03/19/2021;22.045;21.742;22.349;21.667;10.45M;1,39%
03/18/2021;21.742;21.742;21.894;21.591;6.60M;1,06%
03/17/2021;21.515;21.591;21.742;21.439;7.89M;0,35%
03/16/2021;21.439;21.439;21.591;21.212;9.06M;0,53%
03/15/2021;21.326;21.515;21.629;21.326;7.87M;-0,18%
03/12/2021;21.364;21.629;21.742;21.364;8.93M;-0,88%
03/11/2021;21.553;21.477;21.667;21.250;9.73M;1,25%
03/10/2021;21.288;21.402;21.515;20.909;10.12M;-0,71%
03/09/2021;21.439;21.591;21.932;21.439;11.95M;-1,91%
03/08/2021;21.856;21.515;22.197;21.174;14.53M;3,22%
03/05/2021;21.174;20.947;21.364;20.682;11.89M;0,90%
03/04/2021;20.985;21.364;21.894;20.833;14.88M;-1,42%
03/03/2021;21.288;21.099;21.591;20.985;14.54M;0,72%
03/02/2021;21.136;21.515;21.553;21.061;14.88M;-0,36%
03/01/2021;21.212;20.606;21.326;20.379;16.80M;5,66%
02/26/2021;20.076;19.242;20.189;19.242;23.04M;2,71%
02/25/2021;19.545;19.583;19.659;19.318;10.54M;0,98%
02/24/2021;19.356;19.735;19.886;19.280;12.43M;-0,58%
02/23/2021;19.470;19.697;19.811;19.318;10.96M;-0,19%
02/22/2021;19.508;19.205;19.849;19.129;18.47M;2,39%
02/19/2021;19.053;18.674;19.318;18.674;10.66M;1,00%
02/18/2021;18.864;19.015;19.318;18.826;14.70M;-2,16%
02/17/2021;19.280;18.674;19.318;18.599;12.81M;6,04%
02/09/2021;18.182;17.879;18.295;17.576;8.48M;2,13%
02/08/2021;17.803;18.258;19.053;17.045;16.57M;-2,08%
02/05/2021;18.182;18.182;18.447;17.992;8.05M;0,42%
02/04/2021;18.106;18.106;18.523;17.803;9.71M;0,00%
02/03/2021;18.106;17.652;18.333;17.273;14.59M;4,60%
02/02/2021;17.311;16.818;17.311;16.288;12.05M;3,86%
02/01/2021;16.667;17.803;18.636;16.667;17.19M;-5,78%
01/29/2021;17.689;15.492;17.689;15.492;22.32M;6,87%
01/28/2021;16.553;16.553;17.045;16.553;17.17M;-6,82%
01/27/2021;17.765;19.091;19.508;17.765;15.31M;-6,76%
01/26/2021;19.053;20.303;20.303;18.939;14.06M;-6,33%
01/25/2021;20.341;20.076;20.644;19.849;11.02M;1,32%
01/22/2021;20.076;19.886;20.606;19.697;13.26M;0,95%
01/21/2021;19.886;19.242;19.886;18.826;16.63M;6,71%
01/20/2021;18.636;18.674;18.826;17.273;9.82M;0,82%
01/19/2021;18.485;19.318;19.735;17.992;14.61M;-4,31%
01/18/2021;19.318;19.318;19.886;19.318;9.29M;0,79%
01/15/2021;19.167;19.015;19.318;19.015;9.05M;1,00%
01/14/2021;18.977;19.129;19.167;18.826;8.32M;-0,79%
01/13/2021;19.129;19.318;19.318;18.826;7.81M;0,60%
01/12/2021;19.015;18.258;19.167;18.258;12.62M;4,15%
01/11/2021;18.258;18.371;18.523;18.068;6.57M;0,00%
01/08/2021;18.258;18.182;18.674;17.955;10.53M;0,00%
01/07/2021;18.258;17.955;18.485;17.841;10.39M;1,69%
01/06/2021;17.955;18.371;18.371;17.917;9.35M;-0,42%
01/05/2021;18.030;18.068;18.636;17.955;9.66M;0,42%
01/04/2021;17.955;17.349;17.955;17.197;13.76M;7,00%
12/31/2020;16.780;16.402;16.780;16.402;8.35M;1,84%
12/30/2020;16.477;16.629;16.629;16.439;6.65M;-0,91%
12/29/2020;16.629;16.667;16.894;16.591;8.61M;-1,13%
12/28/2020;16.818;16.932;17.235;16.591;11.05M;-0,22%
12/25/2020;16.856;16.818;16.894;16.402;8.70M;0,91%
12/24/2020;16.705;17.121;17.121;15.833;17.94M;-1,12%
12/23/2020;16.894;16.932;17.424;16.705;9.66M;1,36%
12/22/2020;16.667;16.402;16.780;16.212;8.99M;1,62%
12/21/2020;16.402;16.818;16.818;16.099;15.69M;-0,46%
12/18/2020;16.477;16.061;16.591;16.023;10.12M;2,84%
12/17/2020;16.023;15.871;16.402;15.682;13.34M;0,95%
12/16/2020;15.871;15.833;15.985;15.795;11.67M;0,24%
12/15/2020;15.833;15.909;16.061;15.682;17.37M;-1,42%
12/14/2020;16.061;15.871;16.212;15.758;13.94M;2,42%
12/11/2020;15.682;15.265;15.795;15.076;13.39M;4,02%
12/10/2020;15.076;15.303;15.455;14.962;20.24M;-1,24%
12/09/2020;15.265;15.265;15.417;15.038;14.12M;0,25%
12/08/2020;15.227;15.152;15.417;15.000;18.94M;2,29%
12/07/2020;14.886;14.091;14.886;14.015;25.86M;6,79%
12/04/2020;13.939;14.242;14.280;13.826;24.83M;-0,81%
12/03/2020;14.053;13.636;14.091;13.599;14.65M;3,34%
12/02/2020;13.599;13.788;13.826;13.523;17.39M;-2,18%
12/01/2020;13.902;13.409;14.053;13.409;14.27M;1,94%
11/30/2020;13.636;14.242;14.242;13.599;11.63M;-2,96%
11/27/2020;14.053;14.167;14.280;13.902;9.74M;0,27%
11/26/2020;14.015;13.599;14.015;13.523;10.28M;2,21%
11/25/2020;13.712;14.167;14.318;13.712;11.12M;-3,21%
11/24/2020;14.167;13.599;14.167;13.599;17.71M;5,65%
11/23/2020;13.409;13.409;13.636;13.258;25.31M;-3,80%
11/20/2020;13.939;14.280;14.318;13.864;21.00M;-2,13%
11/19/2020;14.242;14.242;14.432;14.053;19.79M;-1,31%
11/18/2020;14.432;14.470;14.735;14.205;17.51M;-0,26%
11/17/2020;14.470;13.902;14.508;13.788;15.52M;5,23%
11/16/2020;13.750;13.674;13.864;13.523;19.91M;0,55%
11/13/2020;13.674;13.409;13.939;13.371;12.74M;1,40%
11/12/2020;13.485;13.561;13.599;13.296;8.83M;0,00%
11/11/2020;13.485;13.182;13.561;13.030;21.37M;3,49%
11/10/2020;13.030;13.636;13.636;12.992;18.40M;-2,55%
11/09/2020;13.371;12.955;13.409;12.841;19.95M;4,75%
11/06/2020;12.765;12.311;12.841;12.235;20.08M;4,01%
11/05/2020;12.273;12.462;12.614;12.273;13.29M;-1,52%
11/04/2020;12.462;12.576;12.689;12.424;13.81M;-0,30%
11/03/2020;12.500;12.197;12.652;12.159;27.08M;3,45%
11/02/2020;12.083;11.439;12.083;11.364;20.60M;6,33%
10/30/2020;11.364;11.364;11.515;11.212;11.82M;1,35%
10/29/2020;11.212;11.174;11.402;11.061;11.43M;-1,00%
10/28/2020;11.326;11.553;11.591;11.288;14.62M;-2,61%
10/27/2020;11.629;11.553;11.667;11.477;10.47M;0,66%
10/26/2020;11.553;11.667;11.970;11.553;13.71M;-0,97%
10/23/2020;11.667;11.742;11.894;11.667;14.48M;-0,32%
10/22/2020;11.705;11.553;11.742;11.477;10.92M;1,64%
10/21/2020;11.515;11.970;11.970;11.439;12.21M;-2,56%
10/20/2020;11.818;11.099;11.818;11.061;17.11M;6,48%
10/19/2020;11.099;11.439;11.477;10.985;17.09M;-2,66%
10/16/2020;11.402;11.439;11.629;11.326;14.31M;-0,33%
10/15/2020;11.439;11.591;11.705;11.402;11.07M;0,00%
10/14/2020;11.439;11.667;11.705;11.364;15.84M;-1,63%
10/13/2020;11.629;11.894;12.083;11.553;18.44M;-2,85%
10/12/2020;11.970;12.008;12.197;11.818;19.82M;0,64%
10/09/2020;11.894;12.008;12.046;11.856;7.29M;-0,32%
10/08/2020;11.932;12.121;12.197;11.856;15.87M;-0,32%
10/07/2020;11.970;11.856;12.424;11.742;23.46M;0,32%
10/06/2020;11.932;11.818;11.970;11.591;11.90M;1,94%
10/05/2020;11.705;11.818;12.008;11.629;15.06M;0,00%
10/02/2020;11.705;12.046;12.046;11.250;27.99M;-2,22%
10/01/2020;11.970;12.046;12.462;11.856;14.49M;0,96%
09/30/2020;11.856;11.591;12.008;11.250;20.12M;2,96%
09/29/2020;11.515;12.197;12.235;11.515;30.47M;-5,59%
09/28/2020;12.197;11.553;12.311;11.553;22.34M;5,57%
09/25/2020;11.553;11.364;11.667;11.212;17.97M;2,01%
09/24/2020;11.326;10.644;11.439;10.606;29.65M;5,28%
09/23/2020;10.758;10.871;10.909;10.644;12.87M;0,00%
09/22/2020;10.758;10.455;10.947;10.417;20.40M;2,16%
09/21/2020;10.530;10.947;10.985;10.530;19.30M;-2,11%
09/18/2020;10.758;10.189;10.758;10.189;15.58M;5,58%
09/17/2020;10.189;10.417;10.530;10.076;22.57M;-2,54%
09/16/2020;10.455;9.849;10.530;9.811;27.18M;6,15%
09/15/2020;9.849;9.849;10.152;9.773;22.06M;2,36%
09/14/2020;9.621;9.053;9.621;9.053;34.07M;6,72%
09/11/2020;9.015;8.977;9.129;8.977;10.23M;0,42%
09/10/2020;8.977;9.280;9.280;8.977;9.07M;-1,66%
09/09/2020;9.129;8.712;9.242;8.712;15.02M;3,43%
09/08/2020;8.826;8.788;8.864;8.674;9.27M;0,87%
09/07/2020;8.750;8.977;9.015;8.750;12.80M;-2,53%
09/04/2020;8.977;8.902;9.053;8.864;10.11M;-0,84%
09/03/2020;9.053;9.091;9.242;8.977;19.68M;1,27%
09/01/2020;8.939;8.561;8.939;8.561;19.67M;4,42%
08/31/2020;8.561;8.712;8.788;8.523;9.25M;-0,88%
08/28/2020;8.636;8.902;8.902;8.636;11.68M;-2,15%
08/27/2020;8.826;8.788;8.902;8.712;7.01M;0,43%
08/26/2020;8.788;8.864;8.902;8.788;9.57M;-0,85%
08/25/2020;8.864;8.977;9.015;8.826;9.38M;-0,85%
08/24/2020;8.939;9.015;9.053;8.864;11.72M;1,29%
08/21/2020;8.826;8.712;8.826;8.674;7.83M;1,31%
08/20/2020;8.712;8.750;8.826;8.599;13.59M;-0,43%
08/19/2020;8.750;8.788;8.902;8.750;8.95M;-0,43%
08/18/2020;8.788;8.636;8.939;8.561;14.05M;2,20%
08/17/2020;8.599;8.409;8.636;8.371;8.76M;1,34%
08/14/2020;8.485;8.599;8.674;8.409;11.57M;-1,76%
08/13/2020;8.636;8.599;8.712;8.561;7.74M;1,33%
08/12/2020;8.523;8.674;8.712;8.409;12.22M;-1,32%
08/11/2020;8.636;8.636;8.712;8.485;12.77M;0,00%
08/10/2020;8.636;8.636;8.788;8.485;16.59M;1,79%
08/07/2020;8.485;8.182;8.485;8.068;18.16M;4,67%
08/06/2020;8.106;7.992;8.182;7.917;13.54M;0,47%
08/05/2020;8.068;7.841;8.258;7.727;14.93M;2,90%
08/04/2020;7.841;7.879;8.106;7.765;12.57M;1,97%
08/03/2020;7.689;7.273;7.689;7.273;18.20M;6,84%
07/31/2020;7.197;7.296;7.568;7.197;11.54M;-4,33%
07/30/2020;7.523;7.462;7.765;7.462;7.70M;1,02%
07/29/2020;7.447;7.652;7.652;7.333;18.56M;-5,48%
07/28/2020;7.879;7.462;7.879;7.409;19.94M;7,00%
07/27/2020;7.364;7.652;7.803;7.364;18.14M;-6,99%
07/24/2020;7.917;8.182;8.296;7.765;23.98M;-5,00%
07/23/2020;8.333;8.409;8.523;8.220;10.41M;-1,79%
07/22/2020;8.485;8.636;8.674;8.485;4.69M;-1,32%
07/21/2020;8.599;8.599;8.674;8.333;10.37M;1,34%
07/20/2020;8.485;8.788;8.864;8.409;14.07M;-3,03%
07/17/2020;8.750;8.712;8.939;8.674;8.19M;0,44%
07/16/2020;8.712;8.864;8.902;8.636;13.75M;-1,71%
07/15/2020;8.864;8.977;9.091;8.864;7.62M;-0,85%
07/14/2020;8.939;8.939;9.015;8.902;5.66M;-0,42%
07/13/2020;8.977;9.015;9.091;8.902;11.51M;0,85%
07/10/2020;8.902;8.826;9.091;8.750;8.78M;0,43%
07/09/2020;8.864;8.826;8.977;8.788;7.65M;0,86%
07/08/2020;8.788;8.939;9.015;8.674;13.77M;-1,69%
07/07/2020;8.939;9.091;9.242;8.939;18.52M;-0,84%
07/06/2020;9.015;9.015;9.167;8.977;7.93M;0,42%
07/03/2020;8.977;8.902;9.242;8.864;12.79M;0,85%
07/02/2020;8.902;9.167;9.205;8.864;10.10M;-2,08%
07/01/2020;9.091;8.636;9.091;8.561;10.93M;4,80%
06/30/2020;8.674;9.091;9.091;8.333;26.96M;-2,97%
06/29/2020;8.939;9.091;9.318;8.788;17.00M;-3,67%
06/26/2020;9.280;9.546;9.659;9.242;10.93M;-0,41%
06/25/2020;9.318;8.864;9.470;8.636;24.73M;5,13%
06/24/2020;8.864;9.091;9.205;8.788;20.64M;-1,68%
06/23/2020;9.015;9.318;9.432;8.864;15.96M;-1,65%
06/22/2020;9.167;9.091;9.318;9.053;14.88M;1,68%
06/19/2020;9.015;8.712;9.053;8.599;14.02M;4,85%
06/18/2020;8.599;8.636;8.864;8.561;9.24M;-1,30%
06/17/2020;8.712;8.333;8.864;8.144;21.73M;5,02%
06/16/2020;8.296;8.296;8.409;8.144;10.58M;2,82%
06/15/2020;8.068;8.561;8.674;7.992;17.84M;-3,18%
06/12/2020;8.333;7.424;8.333;7.424;25.98M;6,80%
06/11/2020;7.803;8.258;8.674;7.803;28.38M;-6,79%
06/10/2020;8.371;8.447;8.599;8.144;21.63M;-2,21%
06/09/2020;8.561;8.864;9.015;8.485;17.34M;0,00%
06/08/2020;8.561;8.447;8.561;8.220;19.88M;6,60%
06/05/2020;8.030;7.500;8.030;7.455;21.79M;6,86%
06/04/2020;7.515;7.689;7.689;7.508;12.20M;-0,20%
06/03/2020;7.530;7.432;7.568;7.288;13.30M;1,43%
06/02/2020;7.424;7.546;7.568;7.424;17.89M;-2,97%
06/01/2020;7.652;7.576;7.955;7.386;23.58M;1,30%
05/29/2020;7.553;7.727;7.727;7.364;23.11M;-1,77%
05/28/2020;7.689;7.803;7.879;7.652;11.82M;1,00%
05/27/2020;7.614;7.576;7.879;7.515;21.63M;1,62%
05/26/2020;7.492;7.462;7.492;7.394;13.55M;1,02%
05/25/2020;7.417;7.349;7.485;7.273;9.43M;0,93%
05/22/2020;7.349;7.000;7.386;6.894;13.75M;4,64%
05/21/2020;7.023;7.212;7.265;6.977;18.67M;-2,73%
05/20/2020;7.220;7.197;7.470;7.197;13.45M;-1,75%
05/19/2020;7.349;7.485;7.614;7.273;13.33M;2,54%
05/18/2020;7.167;6.818;7.167;6.735;15.81M;6,89%
05/15/2020;6.705;6.894;6.924;6.644;12.87M;-2,32%
05/14/2020;6.864;6.818;7.046;6.750;13.52M;0,33%
05/13/2020;6.841;6.742;6.841;6.667;16.00M;6,99%
05/12/2020;6.394;5.909;6.394;5.886;18.37M;6,97%
05/11/2020;5.977;5.977;6.174;5.917;11.11M;1,02%
05/08/2020;5.917;6.000;6.144;5.917;10.72M;-1,51%
05/07/2020;6.008;6.212;6.258;5.955;12.36M;-2,34%
05/06/2020;6.152;5.871;6.174;5.833;13.08M;5,45%
05/05/2020;5.833;5.833;5.917;5.758;6.02M;1,99%
05/04/2020;5.720;5.576;5.947;5.508;11.98M;2,72%
04/29/2020;5.568;5.492;5.606;5.470;8.37M;0,00%
04/28/2020;5.568;5.674;5.682;5.538;7.52M;-0,68%
04/27/2020;5.606;5.682;5.833;5.455;10.19M;1,93%
04/24/2020;5.500;5.500;5.500;5.341;27.84M;6,92%
04/23/2020;5.144;5.144;5.144;5.144;2.35M;6,89%
04/22/2020;4.812;4.401;4.812;4.401;8.15M;6,89%
04/21/2020;4.502;4.690;4.769;4.502;16.84M;-6,87%
04/20/2020;4.834;5.051;5.065;4.805;9.79M;-1,18%
04/17/2020;4.892;4.697;4.892;4.618;9.50M;4,31%
04/16/2020;4.690;4.675;4.892;4.618;7.70M;0,62%
04/15/2020;4.661;4.546;4.661;4.473;10.35M;6,95%
04/14/2020;4.358;4.149;4.358;4.149;14.41M;6,90%
04/13/2020;4.077;4.004;4.221;4.004;6.32M;0,89%
04/10/2020;4.040;4.026;4.156;3.983;5.80M;0,00%
04/09/2020;4.040;4.127;4.235;4.033;7.53M;-1,76%
04/08/2020;4.113;3.867;4.113;3.867;5.58M;2,33%
04/07/2020;4.019;4.012;4.040;3.867;5.14M;0,18%
04/06/2020;4.012;3.860;4.012;3.795;8.93M;6,92%
04/03/2020;3.752;3.680;3.752;3.535;7.07M;7,00%
04/01/2020;3.507;3.247;3.507;3.247;5.55M;6,81%
03/31/2020;3.283;3.355;3.492;3.146;6.32M;-2,15%
03/30/2020;3.355;3.463;3.463;3.355;6.58M;-7,00%
03/27/2020;3.608;3.593;3.752;3.463;4.47M;2,04%
03/26/2020;3.535;3.737;3.752;3.535;4.56M;-6,31%
03/25/2020;3.773;3.824;3.824;3.701;3.77M;3,15%
03/24/2020;3.658;3.824;3.896;3.651;6.95M;-6,46%
03/23/2020;3.911;3.976;4.026;3.911;4.97M;-6,87%
03/20/2020;4.199;4.286;4.365;4.170;3.51M;-2,02%
03/19/2020;4.286;4.343;4.387;4.185;4.29M;-3,57%
03/18/2020;4.444;4.546;4.567;4.408;4.74M;-0,49%
03/17/2020;4.466;4.192;4.466;4.192;2.76M;3,17%
03/16/2020;4.329;4.206;4.546;4.206;5.98M;1,69%
03/13/2020;4.257;4.113;4.401;4.098;8.68M;-3,28%
03/12/2020;4.401;4.437;4.618;4.401;11.14M;-6,87%
03/11/2020;4.726;5.108;5.152;4.719;7.36M;-6,83%
03/10/2020;5.072;4.834;5.173;4.820;5.70M;-0,57%
03/09/2020;5.101;5.115;5.267;5.101;6.02M;-6,97%
03/06/2020;5.483;5.520;5.548;5.483;2.74M;-1,30%
03/05/2020;5.556;5.599;5.657;5.556;2.76M;0,00%
03/04/2020;5.556;5.476;5.592;5.462;3.71M;1,45%
03/03/2020;5.476;5.592;5.599;5.476;4.54M;0,00%
03/02/2020;5.476;5.483;5.556;5.433;2.10M;-0,13%
02/28/2020;5.483;5.541;5.570;5.447;6.93M;-2,56%
02/27/2020;5.628;5.628;5.657;5.570;3.27M;0,65%
02/26/2020;5.592;5.621;5.657;5.541;3.07M;-1,65%
02/25/2020;5.685;5.476;5.700;5.476;5.19M;1,41%
02/24/2020;5.606;5.736;5.844;5.606;9.93M;-4,90%
02/21/2020;5.895;6.061;6.097;5.880;4.23M;-2,04%
02/20/2020;6.017;5.815;6.017;5.815;9.22M;3,47%
02/19/2020;5.815;5.887;5.895;5.815;3.36M;-0,98%
02/18/2020;5.873;5.866;5.938;5.823;6.64M;0,12%
02/17/2020;5.866;5.844;5.916;5.823;4.09M;0,87%
02/14/2020;5.815;5.685;5.815;5.664;5.45M;2,28%
02/13/2020;5.685;5.693;5.693;5.563;7.28M;0,00%
02/12/2020;5.685;5.664;5.779;5.664;7.27M;0,51%
02/11/2020;5.657;5.880;5.880;5.657;9.60M;-2,24%
02/10/2020;5.786;5.772;5.895;5.714;5.04M;-1,23%
02/07/2020;5.859;5.960;6.017;5.830;5.95M;-1,69%
02/06/2020;5.960;5.830;6.003;5.779;6.14M;2,87%
02/05/2020;5.794;5.772;5.830;5.750;4.21M;1,01%
02/04/2020;5.736;5.938;5.989;5.722;7.48M;-3,40%
02/03/2020;5.938;5.628;5.989;5.498;12.30M;0,98%
01/31/2020;5.880;6.248;6.292;5.880;11.91M;-5,89%
01/30/2020;6.248;6.349;6.407;6.169;11.52M;-3,56%
01/22/2020;6.479;6.169;6.558;6.133;12.35M;5,03%
01/21/2020;6.169;6.025;6.198;6.010;5.55M;3,01%
01/20/2020;5.989;6.061;6.075;5.931;7.01M;-1,66%
01/17/2020;6.090;6.147;6.219;5.989;6.15M;-0,94%
01/16/2020;6.147;6.133;6.205;6.097;6.42M;0,83%
01/15/2020;6.097;5.909;6.133;5.895;12.62M;4,32%
01/14/2020;5.844;5.729;5.859;5.657;4.96M;2,02%
01/13/2020;5.729;5.873;5.945;5.714;5.91M;-1,85%
01/10/2020;5.837;5.880;5.952;5.837;5.03M;0,00%
01/09/2020;5.837;5.743;5.952;5.743;6.68M;2,79%
01/08/2020;5.678;5.664;5.736;5.592;5.05M;-0,76%
01/07/2020;5.722;5.786;5.859;5.714;3.20M;-1,12%
01/06/2020;5.786;5.772;5.880;5.693;6.59M;0,50%
01/03/2020;5.758;5.916;5.924;5.743;4.20M;-2,56%
01/02/2020;5.909;5.599;5.909;5.592;4.55M;4,87%
12/31/2019;5.635;5.808;5.808;5.534;3.79M;-1,76%
12/30/2019;5.736;5.671;5.844;5.664;1.74M;1,14%
12/27/2019;5.671;5.729;5.743;5.613;4.95M;-0,51%
12/26/2019;5.700;5.844;5.909;5.700;5.04M;-2,47%
12/25/2019;5.844;5.938;5.938;5.844;2.92M;-0,73%
12/24/2019;5.887;5.909;5.967;5.880;2.59M;0,00%
12/23/2019;5.887;6.032;6.061;5.887;4.16M;-2,39%
12/20/2019;6.032;5.880;6.053;5.880;4.13M;2,83%
12/19/2019;5.866;5.823;5.895;5.823;2.25M;0,74%
12/18/2019;5.823;5.830;5.887;5.801;3.52M;-0,25%
12/17/2019;5.837;6.075;6.097;5.779;15.16M;-3,92%
12/16/2019;6.075;6.046;6.097;6.010;3.10M;0,48%
12/13/2019;6.046;6.133;6.205;6.046;5.59M;-0,95%
12/12/2019;6.104;6.003;6.104;5.989;5.31M;1,68%
12/11/2019;6.003;6.061;6.126;5.945;5.64M;-0,83%
12/10/2019;6.053;6.082;6.111;5.981;6.09M;-0,12%
12/09/2019;6.061;5.794;6.082;5.794;10.92M;4,61%
12/06/2019;5.794;5.765;5.851;5.743;4.68M;0,50%
12/05/2019;5.765;5.837;5.880;5.664;6.42M;-1,36%
12/04/2019;5.844;5.830;5.902;5.750;5.16M;1,12%
12/03/2019;5.779;5.678;5.880;5.621;8.82M;2,04%
12/02/2019;5.664;5.671;5.765;5.613;5.38M;0,90%
11/29/2019;5.613;5.520;5.613;5.491;3.58M;1,97%
11/28/2019;5.505;5.628;5.664;5.447;5.17M;-1,68%
11/27/2019;5.599;5.520;5.664;5.483;3.68M;2,37%
11/26/2019;5.469;5.483;5.527;5.447;5.22M;0,93%
11/25/2019;5.419;5.498;5.599;5.382;6.55M;-1,31%
11/22/2019;5.491;5.931;5.945;5.491;14.05M;-6,97%
11/21/2019;5.902;5.837;5.981;5.801;5.33M;0,99%
11/20/2019;5.844;5.880;5.916;5.808;5.43M;-0,61%
11/19/2019;5.880;5.808;5.945;5.779;8.31M;3,16%
11/18/2019;5.700;5.628;5.707;5.613;5.31M;1,94%
11/15/2019;5.592;5.642;5.722;5.556;5.43M;-1,15%
11/14/2019;5.657;5.621;5.830;5.592;7.22M;0,51%
11/13/2019;5.628;5.700;5.801;5.592;8.44M;-1,01%
11/12/2019;5.685;5.318;5.685;5.310;14.48M;6,92%
11/11/2019;5.318;5.303;5.390;5.267;3.31M;0,00%
11/08/2019;5.318;5.375;5.390;5.318;3.71M;-0,40%
11/07/2019;5.339;5.339;5.390;5.310;4.81M;0,68%
11/06/2019;5.303;5.159;5.390;5.159;7.99M;2,80%
11/05/2019;5.159;5.137;5.224;5.115;4.60M;0,42%
11/04/2019;5.137;5.253;5.253;5.123;3.37M;-1,11%
11/01/2019;5.195;5.159;5.260;5.159;2.07M;0,70%
10/31/2019;5.159;5.209;5.433;5.159;8.71M;0,14%
10/30/2019;5.152;5.123;5.224;5.087;3.38M;0,56%
10/29/2019;5.123;5.260;5.260;5.123;3.40M;-2,07%
10/28/2019;5.231;5.332;5.339;5.224;5.49M;0,69%
10/25/2019;5.195;5.209;5.253;5.166;4.93M;0,56%
10/24/2019;5.166;5.166;5.209;5.123;2.70M;1,56%
10/23/2019;5.087;5.267;5.354;5.087;5.83M;-1,95%
10/22/2019;5.188;4.834;5.188;4.834;4.96M;6,99%
10/21/2019;4.849;4.950;4.986;4.827;4.91M;-2,75%
10/18/2019;4.986;5.123;5.173;4.986;3.73M;-3,63%
10/17/2019;5.173;5.108;5.188;5.101;2.27M;0,99%
10/16/2019;5.123;5.195;5.224;5.051;6.73M;-0,84%
10/15/2019;5.166;5.267;5.281;5.166;4.25M;-2,19%
10/14/2019;5.281;5.397;5.411;5.281;3.39M;-1,21%
10/11/2019;5.346;5.339;5.440;5.339;4.87M;0,41%
10/10/2019;5.325;5.267;5.325;5.202;4.37M;2,50%
10/09/2019;5.195;5.188;5.303;5.166;4.22M;0,56%
10/08/2019;5.166;5.253;5.253;5.159;3.07M;-1,38%
10/07/2019;5.238;5.310;5.332;5.195;3.38M;-1,36%
10/04/2019;5.310;5.159;5.339;5.130;7.87M;3,81%
10/03/2019;5.115;5.022;5.115;4.950;4.72M;1,29%
10/02/2019;5.051;4.993;5.123;4.978;6.40M;2,04%
10/01/2019;4.950;4.834;4.964;4.827;4.18M;2,39%
09/30/2019;4.834;4.719;4.856;4.711;5.17M;2,45%
09/27/2019;4.719;4.668;4.755;4.668;2.38M;1,08%
09/26/2019;4.668;4.690;4.719;4.668;1.59M;-0,15%
09/25/2019;4.675;4.711;4.748;4.675;1.69M;-1,07%
09/24/2019;4.726;4.711;4.762;4.704;830.01K;0,00%
09/23/2019;4.726;4.776;4.820;4.726;2.15M;-1,06%
09/20/2019;4.776;4.683;4.870;4.683;5.44M;2,00%
09/19/2019;4.683;4.704;4.755;4.675;1.26M;-0,46%
09/18/2019;4.704;4.697;4.769;4.683;1.94M;0,15%
09/17/2019;4.697;4.632;4.748;4.632;2.13M;1,40%
09/16/2019;4.632;4.697;4.726;4.632;2.47M;-1,38%
09/13/2019;4.697;4.748;4.769;4.690;1.68M;-1,36%
09/12/2019;4.762;4.791;4.820;4.733;1.65M;-0,60%
09/11/2019;4.791;4.690;4.791;4.603;2.44M;2,31%
09/10/2019;4.683;4.733;4.769;4.654;1.75M;-2,11%
09/09/2019;4.784;4.769;4.805;4.733;1.10M;0,30%
09/06/2019;4.769;4.834;4.834;4.755;1.66M;-0,60%
09/05/2019;4.798;4.863;4.870;4.798;1.41M;-0,75%
09/04/2019;4.834;4.892;4.892;4.805;1.14M;-1,18%
09/03/2019;4.892;4.913;4.964;4.892;2.34M;-0,59%
08/30/2019;4.921;4.856;4.971;4.834;1.81M;2,10%
08/29/2019;4.820;4.870;4.906;4.798;2.32M;-1,04%
08/28/2019;4.870;4.942;4.957;4.870;1.78M;-1,60%
08/27/2019;4.950;4.964;5.022;4.913;2.29M;0,29%
08/26/2019;4.935;5.058;5.087;4.935;2.84M;-3,80%
08/23/2019;5.130;5.188;5.245;5.130;3.08M;0,14%
08/22/2019;5.123;4.935;5.195;4.928;5.62M;5,03%
08/21/2019;4.877;4.769;4.877;4.762;3.74M;2,58%
08/20/2019;4.755;4.762;4.791;4.740;1.29M;-0,15%
08/19/2019;4.762;4.791;4.834;4.748;2.27M;-0,60%
08/16/2019;4.791;4.870;4.877;4.784;1.91M;-1,34%
08/15/2019;4.856;4.834;4.856;4.798;1.44M;-0,30%
08/14/2019;4.870;4.906;4.921;4.870;2.05M;0,00%
08/13/2019;4.870;4.935;4.935;4.856;2.42M;-1,46%
08/12/2019;4.942;5.007;5.014;4.942;1.31M;-0,73%
08/09/2019;4.978;4.928;5.000;4.928;2.29M;1,03%
08/08/2019;4.928;4.921;4.964;4.892;2.23M;0,15%
08/07/2019;4.921;5.058;5.065;4.921;1.73M;-1,45%
08/06/2019;4.993;5.072;5.072;4.906;3.47M;-1,84%
08/05/2019;5.087;5.260;5.267;5.058;3.50M;-3,43%
08/02/2019;5.267;5.267;5.267;5.216;2.43M;-0,14%
08/01/2019;5.274;5.296;5.325;5.267;1.49M;-0,41%
07/31/2019;5.296;5.267;5.339;5.267;2.00M;0,82%
07/30/2019;5.253;5.289;5.296;5.224;1.98M;-0,28%
07/29/2019;5.267;5.397;5.397;5.267;1.81M;-1,48%
07/26/2019;5.346;5.419;5.447;5.346;2.39M;-1,20%
07/25/2019;5.411;5.404;5.440;5.390;2.46M;0,14%
07/24/2019;5.404;5.397;5.476;5.397;1.61M;-0,13%
07/23/2019;5.411;5.411;5.483;5.404;1.61M;0,00%
07/22/2019;5.411;5.556;5.556;5.411;2.41M;-1,96%
07/19/2019;5.520;5.520;5.577;5.520;3.38M;0,39%
07/18/2019;5.498;5.483;5.548;5.476;2.21M;0,13%
07/17/2019;5.491;5.556;5.563;5.491;2.03M;-0,26%
07/16/2019;5.505;5.541;5.606;5.411;5.95M;2,00%
07/15/2019;5.397;5.267;5.469;5.238;2.31M;2,46%
07/12/2019;5.267;5.216;5.303;5.216;2.37M;1,11%
07/11/2019;5.209;5.296;5.354;5.209;2.81M;-1,64%
07/10/2019;5.296;5.368;5.419;5.296;2.43M;-1,61%
07/09/2019;5.382;5.397;5.411;5.382;1.48M;-0,27%
07/08/2019;5.397;5.455;5.462;5.375;1.14M;-1,06%
07/05/2019;5.455;5.411;5.483;5.346;3.21M;0,80%
07/04/2019;5.411;5.375;5.433;5.339;3.38M;-0,27%
07/03/2019;5.426;5.534;5.534;5.419;3.03M;-1,96%
07/02/2019;5.534;5.556;5.628;5.520;3.24M;-0,39%
07/01/2019;5.556;5.382;5.577;5.382;3.70M;3,78%
06/28/2019;5.354;5.332;5.354;5.253;2.66M;0,68%
06/27/2019;5.318;5.419;5.447;5.296;3.01M;-1,86%
06/26/2019;5.419;5.483;5.520;5.419;4.24M;-0,92%
06/25/2019;5.469;5.556;5.577;5.469;4.34M;-1,56%
06/24/2019;5.556;5.570;5.621;5.556;1.88M;-0,39%
06/21/2019;5.577;5.570;5.621;5.563;1.33M;0,13%
06/20/2019;5.570;5.592;5.657;5.570;2.93M;0,52%
06/19/2019;5.541;5.592;5.628;5.534;2.53M;-0,26%
06/18/2019;5.556;5.541;5.584;5.512;2.30M;0,26%
06/17/2019;5.541;5.635;5.657;5.541;1.75M;-1,79%
06/14/2019;5.642;5.592;5.642;5.592;1.31M;0,64%
06/13/2019;5.606;5.592;5.642;5.584;1.83M;-0,13%
06/12/2019;5.613;5.599;5.685;5.599;1.63M;-1,02%
06/11/2019;5.671;5.621;5.685;5.599;1.85M;1,42%
06/10/2019;5.592;5.512;5.621;5.512;2.01M;1,44%
06/07/2019;5.512;5.520;5.592;5.505;1.89M;0,00%
06/06/2019;5.512;5.606;5.628;5.455;3.62M;-1,67%
06/05/2019;5.606;5.707;5.765;5.606;2.15M;-0,64%
06/04/2019;5.642;5.664;5.736;5.635;3.92M;0,13%
06/03/2019;5.635;5.851;5.859;5.635;6.78M;-3,94%
05/31/2019;5.866;5.916;5.967;5.851;6.18M;-1,69%
05/30/2019;5.967;6.025;6.075;5.967;5.40M;-1,43%
05/29/2019;6.053;6.090;6.154;6.039;4.06M;-0,59%
05/28/2019;6.090;6.032;6.162;6.032;11.19M;1,69%
05/27/2019;5.989;5.880;6.133;5.844;9.36M;1,72%
05/24/2019;5.887;5.924;5.924;5.844;2.79M;-0,61%
05/23/2019;5.924;5.866;5.945;5.866;4.11M;0,61%
05/22/2019;5.887;5.887;5.952;5.873;3.60M;0,25%
05/21/2019;5.873;5.960;5.960;5.873;2.56M;-0,12%
05/20/2019;5.880;5.830;5.960;5.823;3.49M;0,37%
05/17/2019;5.859;5.945;5.952;5.859;3.54M;-1,10%
05/16/2019;5.924;5.967;6.003;5.924;3.18M;-0,73%
05/15/2019;5.967;5.989;6.025;5.952;4.54M;-0,36%
05/14/2019;5.989;5.859;6.017;5.859;4.08M;1,10%
05/13/2019;5.924;5.837;5.989;5.823;3.70M;1,23%
05/10/2019;5.851;5.830;5.859;5.765;6.57M;1,38%
05/09/2019;5.772;5.808;5.866;5.772;3.32M;-1,48%
05/08/2019;5.859;5.779;5.859;5.772;3.37M;-0,37%
05/07/2019;5.880;5.916;5.938;5.830;4.02M;0,00%
05/06/2019;5.880;5.952;5.952;5.837;6.16M;-2,51%
05/03/2019;6.032;6.025;6.198;5.996;4.54M;0,12%
05/02/2019;6.025;5.736;6.025;5.700;6.30M;4,37%
04/26/2019;5.772;5.750;5.815;5.729;2.59M;0,50%
04/25/2019;5.743;5.765;5.924;5.722;3.82M;-0,38%
04/24/2019;5.765;5.548;5.794;5.520;3.51M;3,77%
04/23/2019;5.556;5.483;5.577;5.483;2.47M;0,00%
04/22/2019;5.556;5.700;5.714;5.556;3.52M;2,92%
04/19/2019;5.398;5.051;5.398;5.051;5.73M;6,88%
04/18/2019;5.051;5.129;5.182;4.913;6.62M;-4,35%
04/17/2019;5.280;5.674;5.706;5.280;11.47M;-6,94%
04/16/2019;5.674;5.903;5.916;5.674;8.60M;-5,26%
04/12/2019;5.989;5.995;5.995;5.956;3.83M;0,44%
04/11/2019;5.962;5.956;6.008;5.943;2.27M;0,33%
04/10/2019;5.943;5.982;6.002;5.943;4.96M;-1,09%
04/09/2019;6.008;6.093;6.093;6.008;4.20M;-0,22%
04/08/2019;6.021;6.087;6.093;6.008;3.57M;-1,08%
04/05/2019;6.087;6.139;6.166;6.087;4.00M;0,22%
04/04/2019;6.074;6.152;6.179;6.074;3.49M;-0,32%
04/03/2019;6.093;5.995;6.100;5.936;4.07M;1,64%
04/02/2019;5.995;6.067;6.100;5.989;5.13M;-0,33%
04/01/2019;6.015;6.166;6.225;5.995;5.10M;-2,45%
03/29/2019;6.166;6.290;6.349;6.166;5.51M;-1,16%
03/28/2019;6.238;5.995;6.382;5.969;11.78M;2,92%
03/27/2019;6.061;6.008;6.087;5.975;3.76M;1,99%
03/26/2019;5.943;5.969;6.054;5.916;4.64M;-0,44%
03/25/2019;5.969;6.034;6.067;5.956;6.22M;-2,78%
03/22/2019;6.139;6.198;6.198;6.074;5.10M;1,74%
03/21/2019;6.034;6.120;6.244;6.008;6.88M;0,55%
03/20/2019;6.002;5.975;6.133;5.929;5.66M;0,44%
03/19/2019;5.975;6.113;6.133;5.969;5.75M;-2,25%
03/18/2019;6.113;6.133;6.225;6.107;5.99M;2,76%
03/15/2019;5.949;6.159;6.159;5.903;9.80M;-3,51%
03/14/2019;6.166;6.034;6.166;5.962;5.64M;2,17%
03/13/2019;6.034;6.231;6.297;6.034;8.18M;-2,64%
03/12/2019;6.198;6.520;6.520;6.172;7.55M;-2,07%
03/11/2019;6.330;6.166;6.369;6.166;8.30M;4,32%
03/08/2019;6.067;5.903;6.067;5.798;12.05M;0,54%
03/07/2019;6.034;6.238;6.277;6.034;9.73M;-3,87%
03/06/2019;6.277;6.474;6.559;6.107;15.89M;-3,43%
03/05/2019;6.500;6.559;6.822;6.402;16.02M;-0,40%
03/04/2019;6.526;6.421;6.526;6.231;14.78M;6,99%
03/01/2019;6.100;5.897;6.100;5.772;11.57M;6,77%
