Date,Price,Open,High,Low,Vol.,Change %
5/31/2024,24400,"24,500.00","24,700.00","24,300.00",4.89M,0.21%
5/30/2024,24350,"24,400.00","24,650.00","24,150.00",6.99M,-1.62%
5/29/2024,24750,"25,250.00","25,600.00","24,750.00",8.00M,-1.20%
5/28/2024,25050,"25,250.00","25,250.00","24,850.00",4.43M,0.60%
5/27/2024,24900,"24,600.00","24,900.00","24,600.00",4.31M,0.40%
5/24/2024,24800,"25,600.00","25,800.00","24,150.00",12.11M,-3.13%
5/23/2024,25600,"24,800.00","25,600.00","24,700.00",8.42M,2.81%
5/22/2024,24900,"25,100.00","25,350.00","24,550.00",8.62M,-0.40%
5/21/2024,25000,"25,050.00","25,150.00","24,700.00",7.03M,-0.79%
5/20/2024,25200,"25,200.00","25,700.00","24,900.00",11.40M,1.61%
5/17/2024,24800,"24,600.00","24,800.00","24,200.00",6.19M,1.02%
5/16/2024,24550,"24,800.00","24,950.00","24,400.00",5.05M,0.20%
5/15/2024,24500,"24,050.00","24,700.00","24,050.00",7.61M,1.87%
5/14/2024,24050,"24,100.00","24,300.00","23,900.00",3.52M,0.21%
5/13/2024,24000,"24,000.00","24,500.00","23,800.00",7.36M,0.42%
5/10/2024,23900,"23,900.00","23,900.00","23,350.00",4.56M,0.63%
5/9/2024,23750,"24,000.00","24,050.00","23,550.00",4.59M,0.00%
5/8/2024,23750,"23,500.00","24,150.00","22,950.00",8.65M,0.85%
5/7/2024,23550,"23,400.00","23,800.00","23,200.00",6.17M,0.64%
5/6/2024,23400,"23,200.00","23,750.00","22,950.00",7.37M,2.63%
5/3/2024,22800,"22,800.00","23,200.00","22,600.00",5.92M,0.44%
5/2/2024,22700,"22,200.00","22,800.00","21,850.00",4.19M,3.65%
4/26/2024,21900,"21,800.00","22,400.00","21,550.00",4.58M,-0.45%
4/25/2024,22000,"22,350.00","22,400.00","21,800.00",4.57M,-1.57%
4/24/2024,22350,"21,750.00","22,500.00","21,650.00",6.44M,4.93%
4/23/2024,21300,"22,900.00","22,900.00","21,300.00",8.11M,-6.78%
4/22/2024,22850,"22,500.00","22,900.00","22,250.00",5.58M,4.10%
4/19/2024,21950,"22,500.00","23,200.00","21,950.00",12.11M,-4.57%
4/17/2024,23000,"23,800.00","24,100.00","23,000.00",8.46M,-2.75%
4/16/2024,23650,"24,050.00","24,250.00","22,900.00",10.34M,-1.66%
4/15/2024,24050,"25,700.00","26,350.00","24,050.00",19.27M,-6.96%
4/12/2024,25850,"25,900.00","25,950.00","25,600.00",6.56M,0.39%
4/11/2024,25750,"24,400.00","25,950.00","24,400.00",9.93M,3.83%
4/10/2024,24800,"25,200.00","25,200.00","24,800.00",3.05M,-1.20%
4/9/2024,25100,"24,600.00","25,100.00","24,600.00",3.88M,2.03%
4/8/2024,24600,"24,500.00","25,000.00","24,350.00",4.89M,0.61%
4/5/2024,24450,"24,800.00","25,150.00","24,450.00",10.30M,-2.78%
4/4/2024,25150,"25,350.00","25,600.00","25,150.00",6.78M,-1.37%
4/3/2024,25500,"26,250.00","26,250.00","25,500.00",8.56M,-2.49%
4/2/2024,26150,"25,500.00","26,200.00","25,200.00",10.51M,1.55%
4/1/2024,25750,"25,550.00","25,750.00","25,300.00",7.18M,0.39%
3/29/2024,25650,"26,050.00","26,100.00","25,600.00",6.19M,-1.72%
3/28/2024,26100,"26,100.00","26,200.00","25,750.00",6.88M,0.38%
3/27/2024,26000,"26,450.00","26,750.00","25,900.00",11.72M,0.00%
3/26/2024,26000,"25,300.00","26,000.00","25,000.00",7.79M,2.77%
3/25/2024,25300,"25,600.00","26,300.00","25,100.00",11.82M,-0.78%
3/22/2024,25500,"25,600.00","25,900.00","24,850.00",17.50M,0.59%
3/21/2024,25350,"25,350.00","26,150.00","25,100.00",16.71M,0.80%
3/20/2024,25150,"25,200.00","25,200.00","24,800.00",7.79M,-0.20%
3/19/2024,25200,"23,950.00","25,350.00","23,650.00",29.22M,6.33%
3/18/2024,23700,"24,650.00","24,700.00","22,900.00",10.74M,-3.07%
3/15/2024,24450,"24,000.00","24,700.00","23,750.00",10.66M,1.66%
3/14/2024,24050,"24,300.00","24,350.00","23,900.00",6.97M,-0.62%
3/13/2024,24200,"23,500.00","24,400.00","23,450.00",10.83M,2.98%
3/12/2024,23500,"23,600.00","23,750.00","23,500.00",6.01M,-0.42%
3/11/2024,23600,"23,950.00","23,950.00","23,450.00",6.99M,-1.46%
3/8/2024,23950,"24,700.00","24,700.00","23,950.00",13.92M,-2.44%
3/7/2024,24550,"24,600.00","24,750.00","24,300.00",7.82M,-0.20%
3/6/2024,24600,"24,650.00","24,750.00","24,200.00",8.10M,-0.20%
3/5/2024,24650,"24,500.00","24,900.00","24,300.00",11.43M,0.82%
3/4/2024,24450,"24,400.00","24,950.00","24,300.00",16.30M,1.24%
3/1/2024,24150,"24,000.00","24,200.00","23,800.00",5.94M,0.84%
2/29/2024,23950,"24,250.00","24,250.00","23,800.00",8.67M,-0.83%
2/28/2024,24150,"24,100.00","24,300.00","23,900.00",6.53M,0.21%
2/27/2024,24100,"23,850.00","24,550.00","23,800.00",11.22M,1.69%
2/26/2024,23700,"23,350.00","23,850.00","23,250.00",7.55M,1.50%
2/23/2024,23350,"23,850.00","24,100.00","23,350.00",10.10M,-1.89%
2/22/2024,23800,"24,050.00","24,200.00","23,800.00",7.75M,-1.04%
2/21/2024,24050,"24,450.00","24,450.00","24,000.00",8.48M,-1.03%
2/20/2024,24300,"24,550.00","24,550.00","24,250.00",6.17M,-0.61%
2/19/2024,24450,"24,700.00","25,000.00","24,150.00",11.08M,-0.61%
2/16/2024,24600,"24,750.00","24,900.00","24,550.00",5.65M,-0.61%
2/15/2024,24750,"24,700.00","25,100.00","24,500.00",8.19M,1.64%
2/7/2024,24350,"24,400.00","24,500.00","24,250.00",4.39M,0.41%
2/6/2024,24250,"24,400.00","24,600.00","24,250.00",6.22M,-0.21%
2/5/2024,24300,"24,350.00","24,700.00","24,250.00",10.44M,0.21%
2/2/2024,24250,"23,800.00","24,500.00","23,800.00",7.90M,1.04%
2/1/2024,24000,"24,150.00","24,350.00","23,900.00",8.92M,-0.83%
1/31/2024,24200,"24,850.00","24,850.00","24,200.00",19.54M,-3.20%
1/30/2024,25000,"24,700.00","25,050.00","24,500.00",6.77M,1.01%
1/29/2024,24750,"25,400.00","25,500.00","24,750.00",9.14M,-2.56%
1/26/2024,25400,"25,300.00","25,450.00","25,100.00",4.77M,0.79%
1/25/2024,25200,"24,850.00","25,450.00","24,600.00",6.99M,1.41%
1/24/2024,24850,"25,050.00","25,250.00","24,850.00",5.56M,-1.00%
1/23/2024,25100,"25,300.00","25,300.00","24,900.00",5.24M,-0.40%
1/22/2024,25200,"25,150.00","25,800.00","25,000.00",13.04M,1.00%
1/19/2024,24950,"25,200.00","25,350.00","24,800.00",6.87M,-0.99%
1/18/2024,25200,"24,950.00","25,500.00","24,700.00",11.29M,1.41%
1/17/2024,24850,"25,100.00","25,200.00","24,600.00",12.45M,-0.20%
1/16/2024,24900,"23,200.00","24,900.00","23,200.00",20.22M,6.87%
1/15/2024,23300,"23,600.00","23,650.00","23,000.00",3.85M,-0.21%
1/12/2024,23350,"23,150.00","23,800.00","23,100.00",7.29M,-0.64%
1/11/2024,23500,"23,250.00","23,500.00","23,250.00",5.29M,1.73%
1/10/2024,23100,"23,450.00","23,600.00","22,950.00",11.13M,-2.12%
1/9/2024,23600,"23,950.00","23,950.00","23,250.00",12.46M,-1.05%
1/8/2024,23850,"24,150.00","24,400.00","23,850.00",8.02M,-1.04%
1/5/2024,24100,"23,900.00","24,200.00","23,800.00",7.60M,0.00%
1/4/2024,24100,"24,200.00","24,450.00","23,800.00",9.05M,-0.41%
1/3/2024,24200,"23,750.00","24,200.00","23,600.00",6.13M,1.89%
1/2/2024,23750,"24,700.00","24,800.00","23,750.00",10.52M,-3.65%
12/29/2023,24650,"24,600.00","24,650.00","24,450.00",5.50M,0.41%
12/28/2023,24550,"24,100.00","24,750.00","24,050.00",9.25M,1.87%
12/27/2023,24100,"24,450.00","24,550.00","24,100.00",6.71M,-0.41%
12/26/2023,24200,"24,200.00","24,400.00","23,900.00",9.48M,0.41%
12/25/2023,24100,"24,350.00","25,000.00","24,100.00",11.26M,-0.82%
12/22/2023,24300,"24,450.00","24,750.00","24,000.00",7.40M,0.00%
12/21/2023,24300,"23,800.00","24,650.00","23,700.00",12.57M,1.25%
12/20/2023,24000,"23,900.00","24,100.00","23,750.00",6.52M,0.00%
12/19/2023,24000,"22,800.00","24,000.00","22,750.00",11.20M,5.49%
12/18/2023,22750,"23,300.00","23,400.00","22,750.00",5.22M,-2.15%
12/15/2023,23250,"22,750.00","23,350.00","22,650.00",7.26M,1.97%
12/14/2023,22800,"23,100.00","23,150.00","22,600.00",7.71M,0.44%
12/13/2023,22700,"23,500.00","23,650.00","22,700.00",10.49M,-2.78%
12/12/2023,23350,"23,450.00","23,800.00","23,300.00",6.62M,0.43%
12/11/2023,23250,"23,300.00","23,500.00","22,850.00",7.12M,-0.21%
12/8/2023,23300,"23,500.00","24,400.00","23,200.00",13.08M,0.00%
12/7/2023,23300,"23,900.00","23,950.00","22,600.00",15.72M,-1.69%
12/6/2023,23700,"23,500.00","23,800.00","23,150.00",12.30M,0.64%
12/5/2023,23550,"23,950.00","23,950.00","23,350.00",10.47M,-1.26%
12/4/2023,23850,"23,350.00","24,200.00","22,950.00",14.43M,4.15%
12/1/2023,22900,"23,250.00","23,250.00","22,200.00",15.84M,-0.43%
11/30/2023,23000,"22,950.00","23,450.00","22,700.00",12.68M,0.44%
11/29/2023,22900,"22,800.00","23,400.00","22,600.00",16.68M,0.44%
11/28/2023,22800,"21,850.00","22,800.00","21,650.00",17.32M,4.59%
11/27/2023,21800,"22,100.00","22,450.00","21,750.00",8.93M,-1.36%
11/24/2023,22100,"21,350.00","22,100.00","20,800.00",17.66M,4.49%
11/23/2023,21150,"22,900.00","23,000.00","21,150.00",17.64M,-6.83%
11/22/2023,22700,"22,200.00","22,700.00","21,950.00",11.80M,2.25%
11/21/2023,22200,"22,600.00","23,250.00","22,200.00",17.53M,0.00%
11/20/2023,22200,"21,350.00","22,300.00","21,350.00",13.30M,1.60%
11/17/2023,21850,"21,700.00","22,250.00","21,350.00",21.62M,1.16%
11/16/2023,21600,"21,300.00","21,600.00","21,100.00",9.15M,0.70%
11/15/2023,21450,"22,550.00","22,550.00","21,300.00",17.05M,-0.69%
11/14/2023,21600,"21,900.00","21,900.00","21,100.00",13.70M,0.47%
11/13/2023,21500,"20,600.00","21,750.00","20,500.00",19.79M,4.88%
11/10/2023,20500,"20,500.00","21,450.00","20,450.00",15.28M,-1.20%
11/9/2023,20750,"21,000.00","21,500.00","20,700.00",14.86M,0.48%
11/8/2023,20650,"19,300.00","20,650.00","19,250.00",15.43M,6.99%
11/7/2023,19300,"19,350.00","19,700.00","19,050.00",7.86M,-1.03%
11/6/2023,19500,"19,250.00","19,500.00","19,150.00",7.83M,1.30%
11/3/2023,19250,"19,100.00","19,450.00","18,750.00",9.84M,0.79%
11/2/2023,19100,"18,150.00","19,150.00","18,100.00",10.48M,6.70%
11/1/2023,17900,"17,600.00","17,900.00","17,250.00",5.63M,2.29%
10/31/2023,17500,"18,000.00","18,250.00","17,400.00",6.81M,-2.78%
10/30/2023,18000,"18,000.00","18,700.00","17,950.00",7.30M,0.00%
10/27/2023,18000,"17,650.00","18,050.00","17,150.00",4.83M,4.05%
10/26/2023,17300,"18,100.00","18,600.00","17,300.00",10.71M,-6.99%
10/25/2023,18600,"18,700.00","19,300.00","18,450.00",5.02M,-0.27%
10/24/2023,18650,"18,550.00","18,650.00","18,150.00",4.32M,0.81%
10/23/2023,18500,"18,500.00","18,700.00","18,050.00",5.46M,0.54%
10/20/2023,18400,"17,800.00","18,500.00","17,500.00",6.10M,3.08%
10/19/2023,17850,"17,800.00","18,250.00","17,250.00",5.34M,-1.11%
10/18/2023,18050,"19,000.00","19,000.00","17,300.00",12.44M,-2.96%
10/17/2023,18600,"20,100.00","20,250.00","18,600.00",7.38M,-6.53%
10/16/2023,19900,"20,600.00","20,800.00","19,900.00",8.19M,-3.16%
10/13/2023,20550,"19,950.00","20,550.00","19,800.00",7.25M,1.23%
10/12/2023,20300,"20,600.00","20,850.00","20,100.00",7.10M,-0.98%
10/11/2023,20500,"19,950.00","20,500.00","19,850.00",7.16M,2.76%
10/10/2023,19950,"20,200.00","20,350.00","19,950.00",7.60M,0.00%
10/9/2023,19950,"19,300.00","19,950.00","19,050.00",9.84M,4.18%
10/6/2023,19150,"18,600.00","19,150.00","18,300.00",5.01M,2.96%
10/5/2023,18600,"19,350.00","19,450.00","18,550.00",5.60M,-3.13%
10/4/2023,19200,"17,800.00","19,400.00","17,800.00",7.73M,3.50%
10/3/2023,18550,"19,500.00","19,550.00","18,550.00",11.66M,-6.78%
10/2/2023,19900,"19,750.00","20,150.00","19,550.00",4.30M,0.76%
9/29/2023,19750,"20,100.00","20,250.00","19,600.00",4.91M,-0.75%
9/28/2023,19900,"19,900.00","19,950.00","19,100.00",6.80M,0.76%
9/27/2023,19750,"19,000.00","19,750.00","18,600.00",6.86M,4.77%
9/26/2023,18850,"18,800.00","19,900.00","18,800.00",9.39M,-2.84%
9/25/2023,19400,"20,350.00","21,000.00","19,400.00",13.53M,-6.95%
9/22/2023,20850,"21,500.00","21,850.00","20,850.00",27.47M,-6.92%
9/21/2023,22400,"22,850.00","23,650.00","22,400.00",17.77M,-1.97%
9/20/2023,22850,"22,700.00","22,950.00","22,500.00",8.01M,0.66%
9/19/2023,22700,"21,850.00","22,700.00","21,000.00",14.73M,5.34%
9/18/2023,21550,"21,500.00","22,200.00","21,400.00",11.57M,0.23%
9/15/2023,21500,"21,350.00","22,000.00","20,900.00",10.24M,0.94%
9/14/2023,21300,"22,050.00","22,100.00","21,000.00",11.95M,-3.40%
9/13/2023,22050,"21,850.00","22,800.00","21,250.00",16.99M,1.38%
9/12/2023,21750,"21,000.00","21,800.00","20,750.00",12.52M,3.57%
9/11/2023,21000,"22,000.00","22,000.00","21,000.00",15.85M,-3.89%
9/8/2023,21850,"20,900.00","21,950.00","20,700.00",16.08M,4.55%
9/7/2023,20900,"21,350.00","21,450.00","20,800.00",12.06M,-1.18%
9/6/2023,21150,"19,900.00","21,150.00","19,550.00",21.03M,6.82%
9/5/2023,19800,"19,600.00","19,900.00","19,400.00",12.00M,2.59%
8/31/2023,19300,"19,000.00","19,500.00","19,000.00",10.37M,2.66%
8/30/2023,18800,"18,400.00","18,900.00","18,300.00",7.17M,2.17%
8/29/2023,18400,"18,700.00","18,750.00","18,300.00",5.20M,-1.08%
8/28/2023,18600,"18,200.00","18,600.00","18,150.00",6.38M,2.76%
8/25/2023,18100,"18,400.00","18,450.00","18,050.00",6.89M,-1.63%
8/24/2023,18400,"17,900.00","18,400.00","17,750.00",5.75M,2.79%
8/23/2023,17900,"18,200.00","18,200.00","17,900.00",4.14M,0.00%
8/22/2023,17900,"17,800.00","18,100.00","16,900.00",9.77M,1.13%
8/21/2023,17700,"18,400.00","18,600.00","17,700.00",10.04M,-4.84%
8/18/2023,18600,"19,750.00","19,850.00","18,600.00",15.99M,-7.00%
8/17/2023,20000,"20,400.00","20,650.00","20,000.00",15.88M,-1.48%
8/16/2023,20300,"20,400.00","20,400.00","20,000.00",6.03M,-0.49%
8/15/2023,20400,"20,400.00","20,500.00","20,000.00",7.74M,0.49%
8/14/2023,20300,"19,700.00","20,500.00","19,600.00",17.78M,4.10%
8/11/2023,19500,"19,100.00","19,700.00","18,650.00",10.06M,2.63%
8/10/2023,19000,"19,600.00","19,600.00","19,000.00",5.53M,-2.81%
8/9/2023,19550,"19,250.00","19,600.00","18,950.00",10.50M,1.56%
8/8/2023,19250,"19,350.00","19,550.00","19,200.00",9.89M,0.00%
8/7/2023,19250,"19,400.00","19,450.00","19,100.00",7.52M,0.00%
8/4/2023,19250,"18,850.00","19,250.00","18,800.00",6.24M,2.12%
8/3/2023,18850,"19,200.00","19,200.00","18,650.00",12.37M,-1.82%
8/2/2023,19200,"19,000.00","19,400.00","18,800.00",6.25M,0.79%
8/1/2023,19050,"19,700.00","19,700.00","19,050.00",12.10M,-3.30%
7/31/2023,19700,"20,250.00","20,250.00","19,300.00",10.70M,-0.51%
7/28/2023,19800,"19,750.00","20,150.00","19,500.00",8.54M,0.76%
7/27/2023,19650,"19,650.00","19,800.00","19,200.00",7.43M,0.00%
7/26/2023,19650,"19,600.00","20,100.00","19,500.00",8.40M,0.26%
7/25/2023,19600,"19,600.00","19,750.00","19,400.00",7.86M,0.00%
7/24/2023,19600,"19,750.00","19,900.00","19,450.00",7.56M,-0.51%
7/21/2023,19700,"19,300.00","19,800.00","19,200.00",8.24M,2.60%
7/20/2023,19200,"19,000.00","19,300.00","18,800.00",8.88M,0.79%
7/19/2023,19050,"19,200.00","19,300.00","18,900.00",10.62M,-0.26%
7/18/2023,19100,"19,400.00","19,400.00","19,050.00",8.96M,-1.80%
7/17/2023,19450,"19,550.00","19,800.00","19,300.00",6.97M,0.52%
7/14/2023,19350,"18,850.00","19,350.00","18,700.00",14.63M,3.75%
7/13/2023,18650,"18,900.00","18,950.00","18,600.00",5.10M,0.27%
7/12/2023,18600,"18,750.00","18,800.00","18,250.00",8.86M,-0.27%
7/11/2023,18650,"18,750.00","18,950.00","18,550.00",11.05M,-0.80%
7/10/2023,18800,"18,550.00","18,900.00","18,400.00",11.24M,2.17%
7/7/2023,18400,"17,400.00","18,450.00","17,200.00",15.39M,5.14%
7/6/2023,17500,"17,700.00","17,900.00","17,200.00",8.69M,-1.13%
7/5/2023,17700,"17,650.00","18,100.00","17,450.00",18.04M,1.14%
7/4/2023,17500,"17,250.00","17,500.00","17,050.00",10.70M,1.74%
7/3/2023,17200,"17,400.00","17,400.00","17,200.00",4.94M,-0.29%
6/30/2023,17250,"17,150.00","17,350.00","17,100.00",5.68M,0.00%
6/29/2023,17250,"18,150.00","18,200.00","17,250.00",14.87M,-4.96%
6/28/2023,18150,"18,050.00","18,350.00","18,000.00",10.93M,0.55%
6/27/2023,18050,"18,250.00","18,250.00","17,750.00",7.50M,-0.28%
6/26/2023,18100,"18,200.00","18,400.00","17,500.00",12.45M,-0.55%
6/23/2023,18200,"17,800.00","18,250.00","17,700.00",16.01M,2.82%
6/22/2023,17700,"17,800.00","17,900.00","17,600.00",11.37M,0.00%
6/21/2023,17700,"16,900.00","17,750.00","16,850.00",17.54M,4.42%
6/20/2023,16950,"16,400.00","16,950.00","16,400.00",5.81M,3.35%
6/19/2023,16400,"16,800.00","16,800.00","16,400.00",7.32M,-2.38%
6/16/2023,16800,"16,900.00","17,200.00","16,650.00",15.75M,0.30%
6/15/2023,16750,"17,100.00","17,150.00","16,650.00",13.48M,-2.05%
6/14/2023,17100,"17,500.00","17,500.00","17,050.00",8.97M,-2.01%
6/13/2023,17450,"16,600.00","17,600.00","16,400.00",21.31M,5.76%
6/12/2023,16500,"16,750.00","16,800.00","16,100.00",10.79M,-1.20%
6/9/2023,16700,"16,400.00","16,700.00","16,150.00",10.67M,2.45%
6/8/2023,16300,"16,700.00","16,850.00","16,300.00",16.30M,-2.40%
6/7/2023,16700,"16,750.00","17,150.00","16,650.00",13.09M,1.83%
6/6/2023,16400,"16,200.00","16,550.00","16,050.00",10.30M,0.92%
6/5/2023,16250,"16,300.00","16,650.00","16,000.00",13.97M,2.52%
6/2/2023,15850,"15,500.00","16,100.00","15,350.00",15.21M,3.26%
6/1/2023,15350,"15,500.00","15,550.00","15,050.00",9.53M,-0.97%
5/31/2023,15500,"15,600.00","15,800.00","15,400.00",12.53M,0.00%
5/30/2023,15500,"15,250.00","15,600.00","15,150.00",16.87M,2.31%
5/29/2023,15150,"14,800.00","15,200.00","14,650.00",6.98M,3.06%
5/26/2023,14700,"14,900.00","14,900.00","14,600.00",4.75M,-1.01%
5/25/2023,14850,"14,700.00","14,950.00","14,600.00",4.06M,0.34%
5/24/2023,14800,"15,200.00","15,200.00","14,800.00",6.70M,-1.99%
5/23/2023,15100,"15,300.00","15,400.00","15,000.00",5.21M,-0.98%
5/22/2023,15250,"14,600.00","15,300.00","14,600.00",8.64M,4.45%
5/19/2023,14600,"14,550.00","14,750.00","14,500.00",3.72M,0.34%
5/18/2023,14550,"14,550.00","14,650.00","14,400.00",5.89M,0.34%
5/17/2023,14500,"14,800.00","14,900.00","14,500.00",7.63M,-2.03%
5/16/2023,14800,"15,000.00","15,150.00","14,700.00",5.61M,-1.33%
5/15/2023,15000,"15,600.00","15,600.00","15,000.00",8.95M,-2.60%
5/12/2023,15400,"15,200.00","15,600.00","15,200.00",7.82M,1.32%
5/11/2023,15200,"15,200.00","15,500.00","15,050.00",8.51M,0.33%
5/10/2023,15150,"15,050.00","15,200.00","14,950.00",4.72M,0.66%
5/9/2023,15050,"14,700.00","15,100.00","14,600.00",11.87M,3.79%
5/8/2023,14500,"14,700.00","14,700.00","14,500.00",2.76M,0.00%
5/5/2023,14500,"14,400.00","14,750.00","14,300.00",3.18M,0.69%
5/4/2023,14400,"14,500.00","14,700.00","14,300.00",3.35M,-1.03%
4/28/2023,14550,"14,500.00","14,650.00","14,450.00",3.12M,0.34%
4/27/2023,14500,"14,800.00","14,850.00","14,500.00",2.54M,-2.03%
4/26/2023,14800,"14,100.00","14,800.00","14,000.00",5.07M,4.96%
4/25/2023,14100,"14,000.00","14,500.00","13,900.00",3.83M,1.81%
4/24/2023,13850,"14,150.00","14,200.00","13,800.00",5.18M,-2.12%
4/21/2023,14150,"14,600.00","14,600.00","14,050.00",7.16M,-3.41%
4/20/2023,14650,"14,650.00","14,700.00","14,500.00",3.07M,0.00%
4/19/2023,14650,"14,900.00","15,000.00","14,650.00",3.68M,-1.68%
4/18/2023,14900,"14,900.00","15,000.00","14,800.00",3.26M,0.68%
4/17/2023,14800,"14,600.00","14,900.00","14,600.00",2.53M,1.02%
4/14/2023,14650,"14,750.00","14,950.00","14,600.00",6.85M,0.34%
4/13/2023,14600,"14,750.00","14,800.00","14,500.00",4.00M,-0.68%
4/12/2023,14700,"14,900.00","15,000.00","14,700.00",4.07M,-1.34%
4/11/2023,14900,"14,400.00","14,900.00","14,400.00",5.87M,3.11%
4/10/2023,14450,"14,650.00","14,950.00","14,400.00",12.80M,-2.36%
4/7/2023,14800,"15,100.00","15,250.00","14,700.00",12.32M,-2.31%
4/6/2023,15150,"15,500.00","15,600.00","15,150.00",13.64M,-1.94%
4/5/2023,15450,"15,300.00","15,500.00","15,200.00",9.15M,0.98%
4/4/2023,15300,"15,050.00","15,450.00","15,050.00",7.83M,0.99%
4/3/2023,15150,"15,450.00","15,650.00","15,100.00",14.41M,-1.62%
3/31/2023,15400,"15,600.00","15,900.00","15,000.00",20.45M,-1.91%
3/30/2023,15700,"16,500.00","16,650.00","15,700.00",26.11M,-4.27%
3/29/2023,16400,"16,050.00","16,600.00","16,050.00",9.10M,2.18%
3/28/2023,16050,"16,500.00","16,500.00","16,050.00",8.42M,-1.53%
3/27/2023,16300,"15,900.00","16,400.00","15,750.00",9.86M,2.52%
3/24/2023,15900,"16,050.00","16,200.00","15,750.00",7.87M,0.00%
3/23/2023,15900,"15,400.00","16,000.00","15,350.00",7.34M,1.92%
3/22/2023,15600,"15,950.00","15,950.00","15,600.00",4.70M,-1.27%
3/21/2023,15800,"15,350.00","15,800.00","15,000.00",8.65M,4.29%
3/20/2023,15150,"15,600.00","15,900.00","15,100.00",9.61M,-3.50%
3/17/2023,15700,"16,000.00","16,100.00","15,600.00",6.59M,-0.32%
3/16/2023,15750,"15,950.00","16,250.00","15,650.00",9.03M,-3.67%
3/15/2023,16350,"15,950.00","16,350.00","15,800.00",8.92M,5.83%
3/14/2023,15450,"16,400.00","16,400.00","15,350.00",21.20M,-5.79%
3/13/2023,16400,"16,500.00","16,800.00","16,200.00",8.54M,-1.80%
3/10/2023,16700,"16,400.00","16,700.00","16,100.00",14.94M,0.30%
3/9/2023,16650,"16,800.00","17,100.00","16,650.00",14.45M,-0.30%
3/8/2023,16700,"16,350.00","16,700.00","16,250.00",13.32M,1.21%
3/7/2023,16500,"15,600.00","16,550.00","15,500.00",24.60M,6.45%
3/6/2023,15500,"15,800.00","16,000.00","15,000.00",8.15M,0.98%
3/3/2023,15350,"15,500.00","16,150.00","15,350.00",18.75M,0.00%
3/2/2023,15350,"15,300.00","15,700.00","15,100.00",10.09M,1.66%
3/1/2023,15100,"14,150.00","15,100.00","13,950.00",8.22M,6.71%
2/28/2023,14150,"14,500.00","14,650.00","13,950.00",6.48M,-0.35%
2/27/2023,14200,"14,800.00","14,800.00","14,200.00",10.33M,-5.33%
2/24/2023,15000,"15,700.00","15,750.00","14,900.00",7.63M,-3.85%
2/23/2023,15600,"15,050.00","15,600.00","14,500.00",13.39M,2.97%
2/22/2023,15150,"14,900.00","16,000.00","14,900.00",20.54M,-0.98%
2/21/2023,15300,"15,900.00","15,950.00","15,300.00",13.90M,-2.86%
2/20/2023,15750,"15,350.00","15,800.00","15,300.00",13.92M,3.62%
2/17/2023,15200,"15,100.00","15,350.00","14,900.00",10.86M,1.00%
2/16/2023,15050,"14,300.00","15,050.00","14,100.00",13.95M,6.74%
2/15/2023,14100,"13,800.00","14,450.00","13,700.00",9.54M,2.17%
2/14/2023,13800,"13,650.00","14,050.00","13,600.00",6.11M,2.22%
2/13/2023,13500,"13,350.00","13,700.00","12,900.00",7.33M,0.00%
2/10/2023,13500,"13,650.00","13,900.00","13,300.00",6.52M,-1.10%
2/9/2023,13650,"14,000.00","14,200.00","13,650.00",4.43M,-2.50%
2/8/2023,14000,"13,400.00","14,050.00","12,850.00",11.11M,6.46%
2/7/2023,13150,"14,100.00","14,400.00","13,150.00",13.33M,-6.74%
2/6/2023,14100,"14,000.00","14,200.00","13,700.00",6.13M,0.00%
2/3/2023,14100,"14,200.00","14,550.00","13,700.00",8.19M,0.00%
2/2/2023,14100,"14,800.00","14,950.00","14,050.00",11.99M,-4.73%
2/1/2023,14800,"15,950.00","16,300.00","14,800.00",26.77M,-6.92%
1/31/2023,15900,"15,600.00","15,900.00","15,450.00",9.63M,0.95%
1/30/2023,15750,"15,850.00","16,400.00","15,400.00",12.15M,0.00%
1/27/2023,15750,"15,500.00","16,000.00","15,050.00",13.39M,1.61%
1/19/2023,15500,"15,350.00","15,650.00","15,100.00",11.76M,0.32%
1/18/2023,15450,"15,700.00","15,800.00","15,300.00",8.39M,-0.32%
1/17/2023,15500,"14,750.00","15,500.00","14,600.00",16.06M,6.90%
1/16/2023,14500,"14,150.00","14,700.00","13,950.00",9.38M,3.20%
1/13/2023,14050,"14,450.00","14,700.00","13,900.00",7.79M,-0.71%
1/12/2023,14150,"14,000.00","14,300.00","13,800.00",6.48M,1.80%
1/11/2023,13900,"13,700.00","14,400.00","13,600.00",13.43M,2.96%
1/10/2023,13500,"13,100.00","13,700.00","12,600.00",9.01M,3.05%
1/9/2023,13100,"13,650.00","13,650.00","13,100.00",7.65M,-1.13%
1/6/2023,13250,"13,800.00","13,950.00","13,100.00",8.65M,-4.33%
1/5/2023,13850,"13,450.00","13,950.00","13,100.00",9.74M,3.75%
1/4/2023,13350,"13,600.00","13,800.00","13,250.00",7.89M,1.91%
1/3/2023,13100,"12,350.00","13,100.00","12,350.00",8.70M,6.94%
12/30/2022,12250,"12,450.00","12,500.00","12,100.00",3.90M,0.00%
12/29/2022,12250,"12,350.00","12,600.00","12,000.00",5.60M,-0.81%
12/28/2022,12350,"12,600.00","12,750.00","12,350.00",5.82M,0.00%
12/27/2022,12350,"11,500.00","12,350.00","11,300.00",9.21M,6.93%
12/26/2022,11550,"12,050.00","12,350.00","11,550.00",12.09M,-6.85%
12/23/2022,12400,"13,250.00","13,300.00","12,400.00",12.51M,-6.77%
12/22/2022,13300,"14,000.00","14,150.00","12,900.00",10.90M,-3.62%
12/21/2022,13800,"14,900.00","14,950.00","13,650.00",13.40M,-5.80%
12/20/2022,14650,"14,100.00","14,900.00","13,350.00",25.88M,3.90%
12/19/2022,14100,"14,500.00","15,050.00","14,100.00",20.97M,0.00%
12/16/2022,14100,"13,000.00","14,100.00","13,000.00",15.19M,6.82%
12/15/2022,13200,"12,800.00","13,400.00","12,800.00",11.71M,1.54%
12/14/2022,13000,"13,300.00","13,500.00","12,900.00",10.37M,0.00%
12/13/2022,13000,"12,450.00","13,000.00","11,950.00",9.15M,4.42%
12/12/2022,12450,"13,500.00","13,800.00","12,400.00",12.49M,-6.39%
12/9/2022,13300,"12,800.00","13,450.00","12,350.00",11.99M,4.72%
12/8/2022,12700,"12,100.00","12,700.00","12,050.00",12.38M,6.72%
12/7/2022,11900,"11,950.00","12,400.00","11,650.00",14.65M,-4.80%
12/6/2022,12500,"13,300.00","13,350.00","12,500.00",22.94M,-6.72%
12/5/2022,13400,"13,300.00","13,400.00","12,800.00",13.86M,6.77%
12/2/2022,12550,"11,700.00","12,550.00","11,650.00",12.68M,6.81%
12/1/2022,11750,"11,300.00","11,750.00","11,200.00",27.61M,6.82%
11/30/2022,11000,"10,900.00","11,250.00","10,550.00",10.02M,1.38%
11/29/2022,10850,"10,700.00","11,200.00","10,150.00",12.84M,2.84%
11/28/2022,10550,"10,300.00","10,550.00","10,100.00",12.16M,6.57%
11/25/2022,9900,"9,490.00","9,900.00","9,350.00",6.66M,6.57%
11/24/2022,9290,"8,500.00","9,290.00","8,420.00",6.61M,6.78%
11/23/2022,8700,"9,100.00","9,400.00","8,700.00",6.96M,-5.43%
11/22/2022,9200,"9,650.00","10,150.00","9,100.00",12.63M,-4.76%
11/21/2022,9660,"9,130.00","9,660.00","9,100.00",7.18M,6.74%
11/18/2022,9050,"8,790.00","9,050.00","8,400.00",17.25M,6.97%
11/17/2022,8460,"8,440.00","8,460.00","8,200.00",3.72M,6.95%
11/16/2022,7910,"6,980.00","7,910.00","6,890.00",8.09M,6.89%
11/15/2022,7400,"7,720.00","8,180.00","7,400.00",7.99M,-6.92%
11/14/2022,7950,"7,870.00","8,160.00","7,830.00",9.05M,-5.47%
11/11/2022,8410,"8,510.00","9,050.00","8,410.00",10.95M,-6.97%
11/10/2022,9040,"9,200.00","9,500.00","9,040.00",4.19M,-7.00%
11/9/2022,9720,"10,450.00","10,700.00","9,720.00",8.39M,-6.99%
11/8/2022,10450,"10,450.00","10,800.00","10,450.00",7.01M,-6.70%
11/7/2022,11200,"11,600.00","12,000.00","11,200.00",7.31M,-6.67%
11/4/2022,12000,"12,800.00","12,900.00","12,000.00",8.16M,-6.98%
11/3/2022,12900,"13,250.00","13,400.00","12,800.00",4.04M,-4.09%
11/2/2022,13450,"12,900.00","13,450.00","12,900.00",6.24M,4.26%
11/1/2022,12900,"13,850.00","14,100.00","12,800.00",11.65M,-4.80%
10/31/2022,13550,"13,550.00","13,950.00","13,550.00",10.70M,-6.87%
10/28/2022,14550,"15,900.00","15,900.00","14,550.00",11.81M,-6.73%
10/27/2022,15600,"14,750.00","15,700.00","14,550.00",8.06M,5.76%
10/26/2022,14750,"15,500.00","15,500.00","14,550.00",3.00M,-2.96%
10/25/2022,15200,"14,500.00","15,750.00","14,000.00",8.40M,3.05%
10/24/2022,14750,"15,650.00","15,850.00","14,750.00",6.96M,-6.94%
10/21/2022,15850,"17,100.00","17,100.00","15,850.00",9.34M,-6.76%
10/20/2022,17000,"17,000.00","17,350.00","16,800.00",4.86M,0.00%
10/19/2022,17000,"17,450.00","17,500.00","17,000.00",3.94M,-3.13%
10/18/2022,17550,"17,800.00","17,900.00","17,300.00",5.89M,0.29%
10/17/2022,17500,"17,000.00","17,500.00","16,750.00",5.47M,0.86%
10/14/2022,17350,"17,600.00","17,700.00","17,200.00",6.16M,0.29%
10/13/2022,17300,"17,000.00","17,450.00","16,900.00",5.17M,0.58%
10/12/2022,17200,"16,350.00","17,250.00","16,350.00",7.16M,6.50%
10/11/2022,16150,"16,200.00","16,750.00","15,700.00",8.44M,0.00%
10/10/2022,16150,"14,750.00","16,150.00","14,600.00",8.79M,6.95%
10/7/2022,15100,"15,300.00","15,800.00","15,100.00",8.17M,-6.79%
10/6/2022,16200,"17,500.00","17,500.00","16,200.00",8.06M,-6.90%
10/5/2022,17400,"17,100.00","17,500.00","16,800.00",3.63M,4.82%
10/4/2022,16600,"17,350.00","17,450.00","16,600.00",7.78M,-2.64%
10/3/2022,17050,"18,300.00","18,300.00","17,050.00",7.26M,-6.83%
9/30/2022,18300,"18,200.00","18,500.00","17,050.00",8.76M,0.00%
9/29/2022,18300,"19,600.00","19,600.00","18,300.00",6.51M,-3.68%
9/28/2022,19000,"19,050.00","19,700.00","18,800.00",9.35M,-1.55%
9/27/2022,19300,"20,150.00","20,250.00","19,300.00",6.68M,-3.26%
9/26/2022,19950,"20,500.00","20,900.00","19,700.00",13.45M,-5.67%
9/23/2022,21150,"21,450.00","21,750.00","21,100.00",8.40M,-1.63%
9/22/2022,21500,"20,500.00","21,550.00","20,500.00",8.52M,3.12%
9/21/2022,20850,"20,600.00","21,300.00","20,400.00",6.71M,0.48%
9/20/2022,20750,"20,900.00","21,100.00","20,000.00",9.26M,0.48%
9/19/2022,20650,"22,200.00","22,350.00","20,650.00",21.12M,-6.98%
9/16/2022,22200,"23,000.00","23,100.00","22,100.00",15.91M,-4.31%
9/15/2022,23200,"23,850.00","23,950.00","23,200.00",10.49M,-1.90%
9/14/2022,23650,"23,000.00","23,750.00","22,800.00",17.74M,1.07%
9/13/2022,23400,"23,300.00","23,500.00","22,750.00",13.34M,0.43%
9/12/2022,23300,"23,300.00","23,850.00","23,000.00",17.96M,1.30%
9/9/2022,23000,"22,100.00","23,000.00","21,000.00",16.17M,5.50%
9/8/2022,21800,"22,900.00","22,950.00","21,800.00",13.23M,-3.33%
9/7/2022,22550,"22,850.00","23,200.00","22,350.00",29.13M,0.00%
9/6/2022,22550,"23,200.00","23,200.00","22,500.00",14.90M,-0.44%
9/5/2022,22650,"21,550.00","22,650.00","21,500.00",27.83M,6.84%
8/31/2022,21200,"20,600.00","21,600.00","20,600.00",6.16M,0.71%
8/30/2022,21050,"21,550.00","21,800.00","21,050.00",8.10M,-1.64%
8/29/2022,21400,"21,000.00","21,500.00","20,650.00",14.24M,-2.51%
8/26/2022,21950,"22,550.00","22,600.00","21,850.00",10.00M,-2.44%
8/25/2022,22500,"22,150.00","22,800.00","21,950.00",16.97M,2.51%
8/24/2022,21950,"22,250.00","22,300.00","21,850.00",11.31M,-0.45%
8/23/2022,22050,"21,400.00","22,050.00","21,350.00",8.91M,2.56%
8/22/2022,21500,"21,200.00","21,900.00","21,000.00",8.85M,0.70%
8/19/2022,21350,"21,800.00","22,000.00","21,250.00",12.75M,-2.06%
8/18/2022,21800,"21,700.00","22,100.00","21,600.00",8.38M,0.23%
8/17/2022,21750,"22,200.00","22,350.00","21,600.00",14.18M,-2.03%
8/16/2022,22200,"21,750.00","22,800.00","21,600.00",19.47M,2.07%
8/15/2022,21750,"21,800.00","22,150.00","21,600.00",10.08M,0.00%
8/12/2022,21750,"20,600.00","22,000.00","20,550.00",14.26M,5.58%
8/11/2022,20600,"21,750.00","21,800.00","20,550.00",16.85M,-4.19%
8/10/2022,21500,"21,700.00","22,000.00","21,150.00",12.14M,-1.38%
8/9/2022,21800,"22,000.00","22,100.00","21,550.00",11.43M,0.46%
8/8/2022,21700,"20,950.00","21,700.00","20,800.00",17.05M,4.08%
8/5/2022,20850,"20,400.00","21,050.00","20,300.00",8.94M,0.72%
8/4/2022,20700,"20,850.00","21,350.00","20,600.00",14.04M,0.00%
8/3/2022,20700,"19,100.00","20,700.00","19,000.00",20.93M,6.98%
8/2/2022,19350,"19,100.00","19,550.00","19,050.00",8.95M,1.84%
8/1/2022,19000,"17,800.00","19,000.00","17,800.00",15.79M,6.74%
7/29/2022,17800,"18,000.00","18,150.00","17,800.00",5.57M,0.56%
7/28/2022,17700,"17,700.00","18,000.00","17,550.00",4.79M,2.31%
7/27/2022,17300,"17,100.00","17,450.00","17,050.00",6.79M,-1.14%
7/26/2022,17500,"18,350.00","18,700.00","17,500.00",11.83M,-5.41%
7/25/2022,18500,"19,000.00","19,100.00","18,500.00",7.42M,-3.90%
7/22/2022,19250,"19,350.00","19,600.00","19,200.00",6.99M,-1.03%
7/21/2022,19450,"19,300.00","19,800.00","19,300.00",6.94M,1.04%
7/20/2022,19250,"18,900.00","19,550.00","18,800.00",11.25M,2.94%
7/19/2022,18700,"19,100.00","19,200.00","18,650.00",7.47M,-3.11%
7/18/2022,19300,"20,100.00","20,100.00","19,100.00",8.21M,-3.02%
7/15/2022,19900,"19,700.00","20,600.00","19,650.00",13.35M,2.05%
7/14/2022,19500,"19,200.00","19,600.00","18,900.00",6.93M,0.52%
7/13/2022,19400,"19,300.00","19,950.00","19,150.00",10.56M,0.52%
7/12/2022,19300,"18,800.00","19,800.00","18,500.00",8.62M,2.66%
7/11/2022,18800,"18,800.00","19,250.00","18,350.00",6.82M,-1.05%
7/8/2022,19000,"18,600.00","19,250.00","18,550.00",9.00M,3.26%
7/7/2022,18400,"18,700.00","18,850.00","17,950.00",4.85M,-0.54%
7/6/2022,18500,"18,400.00","19,250.00","18,100.00",9.76M,-1.07%
7/5/2022,18700,"18,550.00","19,450.00","18,500.00",12.39M,0.00%
7/4/2022,18700,"19,000.00","19,100.00","18,500.00",6.41M,0.00%
7/1/2022,18700,"17,800.00","18,700.00","17,100.00",6.90M,5.06%
6/30/2022,17800,"18,950.00","19,450.00","17,800.00",8.25M,-6.07%
6/29/2022,18950,"17,800.00","19,200.00","17,800.00",9.02M,4.12%
6/28/2022,18200,"18,400.00","18,800.00","17,950.00",5.29M,-1.09%
6/27/2022,18400,"17,400.00","18,400.00","16,900.00",8.14M,6.36%
6/24/2022,17300,"16,850.00","17,900.00","16,800.00",7.84M,3.28%
6/23/2022,16750,"16,550.00","16,800.00","16,200.00",2.85M,1.52%
6/22/2022,16500,"16,150.00","16,700.00","15,750.00",7.63M,5.43%
6/21/2022,15650,"15,800.00","17,000.00","15,600.00",7.05M,-6.29%
6/20/2022,16700,"17,300.00","18,300.00","16,700.00",10.10M,-6.96%
6/17/2022,17950,"18,200.00","18,400.00","17,950.00",6.27M,-6.75%
6/16/2022,19250,"19,950.00","20,100.00","19,200.00",5.90M,-0.26%
6/15/2022,19300,"20,200.00","21,000.00","19,300.00",9.93M,-6.76%
6/14/2022,20700,"21,000.00","21,750.00","20,450.00",9.67M,-5.69%
6/13/2022,21950,"22,600.00","23,000.00","21,950.00",8.16M,-6.99%
6/10/2022,23600,"24,000.00","24,850.00","23,550.00",10.22M,-1.05%
6/9/2022,23850,"22,500.00","23,850.00","22,300.00",13.55M,6.95%
6/8/2022,22300,"22,100.00","22,300.00","21,400.00",5.75M,4.21%
6/7/2022,21400,"22,250.00","22,500.00","21,200.00",5.92M,-5.73%
6/6/2022,22700,"23,800.00","24,050.00","22,500.00",5.01M,-4.62%
6/3/2022,23800,"23,950.00","24,200.00","23,550.00",5.56M,2.73%
6/2/2022,23166.7,"23,166.70","23,729.70","22,925.30",6.91M,0.00%
6/1/2022,23166.7,"24,091.70","24,131.90","22,925.30",12.67M,-3.84%
5/31/2022,24091.7,"24,936.30","24,936.30","23,971.10",9.17M,-3.39%
5/30/2022,24936.3,"25,177.70","25,177.70","24,735.20",6.74M,-0.16%
5/27/2022,24976.6,"24,131.90","25,740.70","23,770.00",14.44M,3.16%
5/26/2022,24212.4,"24,131.90","24,695.00","24,011.30",5.90M,1.18%
5/25/2022,23930.8,"22,603.60","24,131.90","22,040.50",11.61M,4.94%
5/24/2022,22804.7,"24,292.80","24,493.90","22,442.70",11.37M,-5.50%
5/23/2022,24131.9,"23,971.10","24,654.80","23,568.90",8.97M,1.01%
5/20/2022,23890.6,"22,925.30","23,971.10","22,925.30",7.84M,3.48%
5/19/2022,23086.2,"22,684.00","23,448.20","22,684.00",4.55M,-1.03%
5/18/2022,23327.5,"23,247.10","23,609.10","22,563.40",8.05M,5.65%
5/17/2022,22080.7,"20,110.00","22,080.70","19,707.80",9.33M,6.81%
5/16/2022,20673,"22,201.40","23,005.80","20,673.00",6.59M,-6.88%
5/13/2022,22201.4,"22,764.50","23,850.40","22,201.40",6.66M,-6.91%
5/12/2022,23850.4,"25,298.30","25,539.60","23,850.40",5.76M,-6.91%
5/11/2022,25620.1,"25,901.60","26,102.70","24,976.60",5.13M,-0.78%
5/10/2022,25821.2,"24,172.20","25,821.20","24,172.20",5.72M,0.00%
5/9/2022,25821.2,"27,027.80","27,631.10","25,821.20",5.21M,-6.96%
5/6/2022,27751.7,"26,585.40","29,682.30","26,585.40",6.73M,-1.15%
5/5/2022,28073.5,"29,159.40","29,159.40","27,068.00",4.90M,-1.97%
5/4/2022,28636.6,"29,601.80","29,762.70","28,194.20",6.29M,-4.69%
4/29/2022,30044.3,"29,280.10","30,164.90","28,958.30",4.25M,2.33%
4/28/2022,29360.5,"29,360.50","29,923.60","29,199.60",4.97M,0.55%
4/27/2022,29199.6,"28,314.80","29,239.90","27,751.70",5.52M,3.12%
4/26/2022,28314.8,"26,545.10","28,314.80","26,424.50",6.93M,0.00%
4/25/2022,28314.8,"30,406.20","30,687.80","28,314.80",7.10M,-6.88%
4/22/2022,30406.2,"31,371.50","31,733.50","28,958.30",6.87M,-1.56%
4/21/2022,30888.9,"30,245.40","31,170.40","29,722.50",4.99M,1.05%
4/20/2022,30567.1,"30,567.10","31,532.40","30,164.90",6.76M,0.13%
4/19/2022,30526.9,"33,342.30","33,744.50","30,526.90",6.12M,-6.99%
4/18/2022,32819.4,"34,589.10","34,589.10","32,336.80",6.33M,-5.34%
4/15/2022,34669.6,"34,991.30","35,393.50","34,589.10",3.51M,-0.92%
4/14/2022,34991.3,"34,589.10","35,554.40","33,945.60",6.06M,2.59%
4/13/2022,34106.5,"33,664.10","34,106.50","32,336.80",7.85M,1.44%
4/12/2022,33623.8,"36,197.90","36,519.70","33,623.80",9.06M,-6.90%
4/8/2022,36117.5,"37,404.50","37,525.20","35,795.70",7.53M,-3.34%
4/7/2022,37364.3,"38,490.40","38,490.40","37,203.40",5.11M,-2.21%
4/6/2022,38208.9,"37,404.50","38,772.00","37,404.50",7.13M,1.17%
4/5/2022,37766.5,"38,369.80","38,892.60","37,484.90",7.10M,-1.16%
4/4/2022,38208.9,"38,611.10","38,932.90","38,007.80",5.60M,-1.04%
4/1/2022,38611.1,"37,163.20","38,973.10","37,042.50",8.85M,1.80%
3/31/2022,37927.4,"39,697.00","40,059.00","36,921.90",20.66M,-4.17%
3/30/2022,39576.4,"40,622.10","41,426.50","39,134.00",17.45M,-3.53%
3/29/2022,41024.3,"42,230.90","42,230.90","40,622.10",11.80M,-1.54%
3/28/2022,41667.8,"40,219.90","41,828.70","39,415.50",21.29M,3.70%
3/25/2022,40179.7,"39,254.60","40,541.70","38,731.80",16.60M,2.15%
3/24/2022,39335.1,"39,495.90","39,978.60","39,254.60",7.91M,0.21%
3/23/2022,39254.6,"40,219.90","40,219.90","39,254.60",10.07M,-1.11%
3/22/2022,39697,"38,048.00","39,697.00","37,404.50",12.55M,4.33%
3/21/2022,38048,"38,450.20","38,530.70","37,806.70",8.35M,2.38%
3/18/2022,37163.2,"36,559.90","37,806.70","35,876.20",9.49M,2.10%
3/17/2022,36399,"37,726.30","37,967.60","35,795.70",14.74M,-2.90%
3/16/2022,37484.9,"38,007.80","38,168.70","37,364.30",6.22M,0.21%
3/15/2022,37404.5,"36,921.90","37,967.60","35,514.20",19.14M,-0.43%
3/14/2022,37565.4,"40,219.90","41,667.80","37,565.40",18.92M,-6.51%
3/11/2022,40179.7,"41,265.60","41,748.30","39,495.90",15.94M,-2.44%
3/10/2022,41185.2,"41,024.30","42,150.50","39,415.50",11.13M,0.00%
3/9/2022,41185.2,"40,139.50","41,346.10","39,415.50",17.67M,4.28%
3/8/2022,39495.9,"39,817.70","40,863.40","39,415.50",18.02M,-2.58%
3/7/2022,40541.7,"39,817.70","41,909.10","39,536.20",17.12M,3.38%
3/4/2022,39214.4,"40,219.90","40,380.80","39,013.30",11.62M,-2.11%
3/3/2022,40059,"38,369.80","40,059.00","37,887.10",18.21M,6.18%
3/2/2022,37726.3,"36,399.00","37,726.30","36,318.60",14.24M,3.65%
3/1/2022,36399,"37,404.50","37,967.60","36,238.10",18.89M,2.49%
2/28/2022,35514.2,"33,784.70","35,514.20","33,704.30",23.74M,6.90%
2/25/2022,33221.6,"32,980.30","33,221.60","32,417.20",10.11M,2.48%
2/24/2022,32417.2,"33,060.80","33,623.80","31,210.60",11.87M,-1.95%
2/23/2022,33060.8,"32,417.20","33,382.50","32,216.10",11.55M,1.99%
2/22/2022,32417.2,"32,175.90","32,658.60","31,653.10",11.33M,-1.23%
2/21/2022,32819.4,"33,623.80","34,106.50","32,819.40",9.18M,-1.45%
2/18/2022,33302.1,"31,773.70","33,704.30","31,693.30",11.94M,4.02%
2/17/2022,32015,"31,854.20","32,497.70","31,532.40",7.77M,0.76%
2/16/2022,31773.7,"31,130.20","32,095.50","31,049.80",7.62M,0.00%
2/15/2022,31773.7,"31,934.60","32,336.80","30,969.30",7.78M,-0.75%
2/14/2022,32015,"31,009.50","32,779.20","31,009.50",9.95M,1.53%
2/11/2022,31532.4,"30,446.50","32,175.90","30,446.50",10.66M,2.48%
2/10/2022,30768.2,"30,567.10","31,693.30","30,245.40",9.24M,2.00%
2/9/2022,30164.9,"28,958.30","30,164.90","28,556.10",6.85M,6.99%
2/8/2022,28194.2,"26,384.30","28,194.20","26,223.40",7.56M,6.86%
2/7/2022,26384.3,"25,700.50","26,746.20","25,459.20",3.90M,4.46%
1/28/2022,25258.1,"25,579.90","25,579.90","24,815.70",1.90M,0.32%
1/27/2022,25177.7,"25,177.70","25,499.40","24,735.20",2.30M,0.00%
1/26/2022,25177.7,"25,419.00","25,901.60","25,177.70",2.98M,0.16%
1/25/2022,25137.4,"24,413.50","25,338.50","24,413.50",3.59M,2.97%
1/24/2022,24413.5,"26,142.90","26,223.40","24,413.50",7.40M,-6.90%
1/21/2022,26223.4,"26,947.30","26,947.30","26,223.40",3.98M,-3.55%
1/20/2022,27188.7,"27,349.50","27,349.50","26,625.60",2.26M,1.50%
1/19/2022,26786.5,"26,545.10","27,269.10","25,821.20",4.82M,0.00%
1/18/2022,26786.5,"28,153.90","28,636.60","26,424.50",6.83M,-5.67%
1/17/2022,28395.2,"30,004.00","30,486.70","28,395.20",5.68M,-5.36%
1/14/2022,30004,"30,406.20","31,049.80","30,004.00",2.61M,-1.58%
1/13/2022,30486.7,"30,004.00","31,411.70","29,441.00",7.01M,2.29%
1/12/2022,29802.9,"29,159.40","29,843.20","28,877.90",3.57M,2.35%
1/11/2022,29119.2,"29,360.50","29,883.40","28,435.50",4.01M,-0.55%
1/10/2022,29280.1,"29,601.80","30,325.80","29,280.10",5.16M,-0.82%
1/7/2022,29521.4,"29,441.00","30,205.10","29,441.00",3.45M,-0.81%
1/6/2022,29762.7,"30,728.00","30,808.40","29,441.00",6.73M,-4.02%
1/5/2022,31009.5,"31,170.40","31,572.60","31,009.50",4.85M,-0.26%
1/4/2022,31090,"31,210.60","31,653.10","31,049.80",3.99M,-0.26%
12/31/2021,31170.4,"30,768.20","31,693.30","30,446.50",5.35M,1.97%
12/30/2021,30567.1,"31,210.60","31,371.50","30,285.60",2.22M,-1.55%
12/29/2021,31049.8,"29,923.60","31,653.10","29,521.40",5.52M,3.76%
12/28/2021,29923.6,"29,441.00","30,245.40","29,038.80",4.66M,1.09%
12/27/2021,29601.8,"30,406.20","30,486.70","29,360.50",1.97M,-1.47%
12/24/2021,30044.3,"29,360.50","30,164.90","28,958.30",3.63M,4.92%
12/23/2021,28636.6,"29,682.30","29,762.70","27,631.10",9.10M,-3.52%
12/22/2021,29682.3,"30,728.00","31,130.20","29,601.80",5.54M,-2.64%
12/21/2021,30486.7,"31,452.00","31,532.40","30,486.70",4.29M,-2.94%
12/20/2021,31411.7,"31,210.60","31,854.20","30,607.30",3.91M,0.13%
12/17/2021,31371.5,"32,175.90","32,175.90","31,130.20",7.77M,-2.99%
12/16/2021,32336.8,"32,739.00","33,060.80","32,135.70",5.32M,-1.23%
12/15/2021,32739,"32,980.30","33,664.10","32,739.00",5.65M,0.37%
12/14/2021,32618.3,"30,647.60","32,618.30","30,486.70",11.30M,6.99%
12/13/2021,30486.7,"29,923.60","30,486.70","29,601.80",6.41M,2.29%
12/10/2021,29802.9,"30,848.70","30,848.70","29,802.90",4.68M,-2.50%
12/9/2021,30567.1,"30,245.40","31,210.60","29,843.20",4.00M,0.26%
12/8/2021,30486.7,"31,854.20","31,854.20","30,366.00",4.91M,-2.57%
12/7/2021,31291.1,"30,969.30","31,612.80","30,004.00",7.04M,1.43%
12/6/2021,30848.7,"32,819.40","33,221.60","30,848.70",9.79M,-6.92%
12/3/2021,33141.2,"34,669.60","34,830.40","33,141.20",6.94M,-4.19%
12/2/2021,34589.1,"35,071.80","35,152.20","34,428.20",4.45M,-0.69%
12/1/2021,34830.4,"34,589.10","35,313.10","34,589.10",4.77M,0.70%
11/30/2021,34589.1,"34,589.10","35,393.50","33,985.80",9.09M,1.18%
11/29/2021,34186.9,"33,945.60","34,830.40","33,945.60",5.15M,-2.07%
11/26/2021,34910.9,"34,347.80","35,313.10","34,146.70",8.95M,2.84%
11/25/2021,33945.6,"32,899.90","34,106.50","32,899.90",7.93M,2.93%
11/24/2021,32980.3,"34,750.00","34,750.00","32,980.30",11.40M,-4.98%
11/23/2021,34709.8,"34,186.90","35,152.20","34,186.90",5.29M,1.53%
11/22/2021,34186.9,"33,784.70","34,830.40","33,784.70",5.66M,1.19%
11/19/2021,33784.7,"34,750.00","35,313.10","33,463.00",11.75M,-4.55%
11/18/2021,35393.5,"36,921.90","37,002.30","34,991.30",14.62M,-4.97%
11/17/2021,37243.6,"37,806.70","38,611.10","37,002.30",11.41M,-2.73%
11/16/2021,38289.3,"38,611.10","39,335.10","38,249.10",6.26M,-1.55%
11/15/2021,38892.6,"39,415.50","39,737.30","38,691.50",7.78M,-3.01%
11/12/2021,40099.2,"38,088.20","40,179.70","38,088.20",10.38M,5.28%
11/11/2021,38088.2,"39,093.70","39,375.30","37,806.70",14.56M,-3.37%
11/10/2021,39415.5,"40,702.50","40,702.50","39,415.50",16.22M,-3.35%
11/9/2021,40783,"41,185.20","41,667.80","40,702.50",8.11M,-0.98%
11/8/2021,41185.2,"41,506.90","41,989.60","40,943.90",7.70M,-0.58%
11/5/2021,41426.5,"41,748.30","42,070.00","40,380.80",9.66M,0.59%
11/4/2021,41185.2,"40,622.10","41,828.70","39,415.50",14.63M,1.39%
11/3/2021,40622.1,"42,633.10","43,115.70","40,622.10",21.97M,-4.72%
11/2/2021,42633.1,"42,472.20","44,000.60","42,311.30",13.10M,-0.56%
11/1/2021,42874.4,"43,437.50","43,598.40","42,391.80",16.38M,-2.02%
10/29/2021,43759.3,"44,241.90","44,644.10","43,035.30",23.18M,-2.16%
10/28/2021,44724.5,"44,241.90","45,448.50","43,839.70",7.21M,0.72%
10/27/2021,44402.8,"44,483.20","45,046.30","43,678.80",6.65M,0.36%
10/26/2021,44241.9,"41,828.70","44,241.90","41,024.30",12.17M,5.36%
10/25/2021,41989.6,"44,241.90","44,563.60","41,989.60",18.58M,-5.78%
10/22/2021,44563.6,"45,046.30","45,368.00","44,241.90",6.83M,-0.89%
10/21/2021,44965.8,"44,965.80","45,126.70","44,081.00",8.26M,0.36%
10/20/2021,44805,"42,954.90","44,805.00","42,472.20",8.82M,4.70%
10/19/2021,42794,"42,552.70","43,196.20","41,748.30",7.10M,0.76%
10/18/2021,42472.2,"42,150.50","43,839.70","41,748.30",12.54M,1.73%
10/15/2021,41748.3,"39,978.60","41,828.70","39,898.10",11.48M,5.27%
10/14/2021,39656.8,"39,093.70","40,018.80","39,013.30",8.24M,1.54%
10/13/2021,39053.5,"39,254.60","39,576.40","38,852.40",6.14M,-0.51%
10/12/2021,39254.6,"39,254.60","39,495.90","38,932.90",8.81M,0.00%
10/11/2021,39254.6,"39,013.30","39,817.70","38,530.70",8.51M,1.14%
10/8/2021,38812.2,"38,691.50","39,174.20","38,369.80",8.43M,0.00%
10/7/2021,38812.2,"39,093.70","39,174.20","38,530.70",7.01M,-0.10%
10/6/2021,38852.4,"38,450.20","39,093.70","38,289.30",8.32M,1.90%
10/5/2021,38128.5,"38,611.10","38,772.00","38,048.00",8.27M,-0.84%
10/4/2021,38450.2,"36,600.10","38,490.40","36,600.10",13.44M,6.70%
10/1/2021,36037,"35,071.80","36,037.00","34,991.30",11.93M,1.24%
9/30/2021,35594.6,"35,474.00","36,157.70","35,313.10",7.07M,0.68%
9/29/2021,35353.3,"35,031.50","35,554.40","34,750.00",6.53M,0.11%
9/28/2021,35313.1,"33,784.70","35,554.40","33,141.20",8.96M,4.52%
9/27/2021,33784.7,"35,474.00","36,278.40","33,784.70",10.62M,-5.41%
9/24/2021,35715.3,"35,996.80","36,117.50","35,232.60",8.89M,-1.33%
9/23/2021,36197.9,"36,761.00","37,686.00","35,876.20",9.52M,-1.75%
9/22/2021,36841.4,"37,002.30","37,364.30","36,278.40",5.25M,0.66%
9/21/2021,36600.1,"34,267.40","36,600.10","34,267.40",10.99M,4.48%
9/20/2021,35031.5,"35,876.20","36,358.80","34,910.90",13.75M,-3.44%
9/17/2021,36278.4,"35,112.00","37,243.60","35,071.80",10.58M,3.32%
9/16/2021,35112,"35,634.80","35,956.60","34,629.30",8.37M,-0.46%
9/15/2021,35272.9,"32,980.30","35,272.90","32,698.80",15.40M,6.95%
9/14/2021,32980.3,"32,497.70","33,543.40","32,417.20",7.89M,0.86%
9/13/2021,32698.8,"33,221.60","33,261.90","32,417.20",10.40M,-1.81%
9/10/2021,33302.1,"33,382.50","33,543.40","32,779.20",6.15M,-0.60%
9/9/2021,33503.2,"33,744.50","34,026.00","33,181.40",7.32M,0.12%
9/8/2021,33463,"32,578.10","33,583.60","32,175.90",11.29M,2.46%
9/7/2021,32658.6,"33,784.70","33,784.70","32,578.10",13.80M,-2.40%
9/6/2021,33463,"32,175.90","33,784.70","31,854.20",10.47M,5.45%
9/1/2021,31733.5,"31,049.80","31,894.40","30,969.30",12.13M,2.60%
8/31/2021,30929.1,"31,049.80","31,572.60","30,567.10",12.80M,0.65%
8/30/2021,30728,"29,601.80","30,728.00","29,521.40",11.87M,4.80%
8/27/2021,29320.3,"28,556.10","29,561.60","28,556.10",7.74M,0.97%
8/26/2021,29038.8,"29,360.50","29,883.40","28,757.20",10.66M,0.84%
8/25/2021,28797.4,"27,349.50","28,797.40","26,866.90",13.26M,6.87%
8/24/2021,26947.3,"26,987.60","27,269.10","26,545.10",7.16M,1.52%
8/23/2021,26545.1,"26,545.10","28,153.90","26,545.10",8.60M,0.13%
8/20/2021,26511.6,"27,852.30","27,885.80","26,210.00",19.94M,-5.61%
8/19/2021,28086.9,"28,355.00","28,455.60","27,885.80",7.26M,-0.24%
8/18/2021,28153.9,"27,818.80","28,824.30","27,617.70",11.55M,1.20%
8/17/2021,27818.8,"26,478.10","27,818.80","26,210.00",20.54M,5.06%
8/16/2021,26478.1,"26,947.30","27,081.40","26,310.50",9.25M,0.38%
8/13/2021,26377.5,"25,606.70","26,377.50","25,305.00",11.91M,2.21%
8/12/2021,25807.8,"26,142.90","26,612.20","25,807.80",13.47M,-2.65%
8/11/2021,26511.6,"26,746.20","27,416.60","26,377.50",9.82M,-0.75%
8/10/2021,26712.7,"27,081.40","27,114.90","26,210.00",11.83M,0.63%
8/9/2021,26545.1,"25,439.10","26,545.10","25,204.50",13.54M,4.21%
8/6/2021,25472.6,"25,338.50","25,807.80","25,137.40",10.75M,0.53%
8/5/2021,25338.5,"24,232.50","25,338.50","24,199.00",11.91M,4.42%
8/4/2021,24266,"23,327.50","24,400.10","23,260.50",15.82M,4.62%
8/3/2021,23193.5,"23,160.00","23,428.10","22,724.20",10.81M,0.14%
8/2/2021,23160,"22,623.70","23,428.10","22,556.70",9.43M,2.52%
7/30/2021,22590.2,"22,456.10","22,791.30","22,389.10",9.64M,1.51%
7/29/2021,22255,"21,618.20","22,255.00","21,417.10",11.15M,3.75%
7/28/2021,21450.6,"21,316.50","21,618.20","21,149.00",5.52M,0.95%
7/27/2021,21249.5,"21,115.40","21,618.20","20,981.40",7.35M,3.43%
7/26/2021,20545.7,"20,713.20","21,048.40","20,076.40",7.80M,-2.70%
7/23/2021,21115.4,"21,316.50","21,450.60","20,914.30",9.40M,-1.56%
7/22/2021,21450.6,"20,981.40","21,584.70","20,713.20",5.56M,2.07%
7/21/2021,21014.9,"21,651.70","21,752.30","20,780.30",5.21M,-1.41%
7/20/2021,21316.5,"20,512.10","21,685.20","20,042.90",9.34M,4.09%
7/19/2021,20478.6,"20,780.30","21,417.10","20,478.60",8.70M,-6.86%
7/16/2021,21986.9,"22,120.90","22,322.00","21,919.80",3.30M,0.00%
7/15/2021,21986.9,"21,517.60","22,087.40","21,484.10",4.98M,1.86%
7/14/2021,21584.7,"22,322.00","22,322.00","21,115.40",13.54M,3.04%
7/13/2021,20947.9,"20,780.30","21,115.40","20,109.90",5.80M,2.12%
7/12/2021,20512.1,"21,383.60","21,383.60","20,512.10",7.49M,-6.99%
7/9/2021,22053.9,"22,590.20","23,059.40","21,517.60",6.96M,-4.36%
7/8/2021,23059.4,"23,662.70","23,662.70","22,456.10",5.42M,-1.43%
7/7/2021,23394.6,"23,361.10","23,796.80","22,255.00",7.46M,1.90%
7/6/2021,22958.9,"24,668.20","25,103.90","22,958.90",10.37M,-6.93%
7/5/2021,24668.2,"24,634.70","25,137.40","24,266.00",5.31M,0.14%
7/2/2021,24634.7,"24,668.20","24,668.20","24,266.00",7.14M,0.96%
7/1/2021,24400.1,"23,863.80","24,936.30","23,796.80",11.71M,2.54%
6/30/2021,23796.8,"23,863.80","23,997.90","23,595.70",3.94M,0.14%
6/29/2021,23763.3,"23,863.80","24,467.10","23,294.00",4.99M,-0.14%
6/28/2021,23796.8,"23,059.40","23,796.80","22,858.30",15.23M,6.93%
6/25/2021,22255,"21,651.70","22,255.00","21,517.60",6.11M,3.59%
6/24/2021,21484.1,"21,785.80","21,852.80","21,383.60",4.73M,0.00%
6/23/2021,21484.1,"21,986.90","21,986.90","21,484.10",4.03M,-0.16%
6/22/2021,21517.6,"22,322.00","22,456.10","21,517.60",3.16M,-2.58%
6/21/2021,22087.4,"21,986.90","22,657.20","21,986.90",3.91M,-0.90%
6/18/2021,22288.5,"21,785.80","22,456.10","21,350.10",6.40M,5.22%
6/17/2021,21182.5,"20,512.10","21,249.50","20,512.10",2.91M,-0.32%
6/16/2021,21249.5,"21,852.80","21,953.40","20,780.30",3.41M,-2.91%
6/15/2021,21886.3,"21,819.30","21,919.80","21,584.70",3.65M,0.31%
6/14/2021,21819.3,"21,852.80","22,053.90","21,383.60",4.68M,2.04%
6/11/2021,21383.6,"20,177.00","21,450.60","20,177.00",4.44M,5.98%
6/10/2021,20177,"21,115.40","21,383.60","20,109.90",4.91M,-4.44%
6/9/2021,21115.4,"20,679.70","21,383.60","20,512.10",5.84M,0.16%
6/8/2021,21081.9,"22,120.90","22,623.70","21,081.90",7.82M,-6.95%
6/7/2021,22657.2,"23,461.60","23,662.70","21,819.30",5.45M,-3.29%
6/4/2021,23428.1,"23,126.40","23,461.60","22,925.30",5.24M,2.64%
6/3/2021,22824.8,"22,590.20","22,925.30","22,590.20",5.84M,1.04%
6/2/2021,22590.2,"22,120.90","22,925.30","21,685.20",7.11M,0.45%
6/1/2021,22489.6,"22,456.10","22,925.30","22,322.00",5.05M,1.82%
5/31/2021,22087.4,"22,020.40","22,120.90","21,450.60",8.42M,3.94%
5/28/2021,21249.5,"21,182.50","21,450.60","20,947.90",6.20M,1.28%
5/27/2021,20981.4,"21,081.90","21,517.60","20,847.30",6.31M,-0.79%
5/26/2021,21149,"21,283.00","21,450.60","20,813.80",5.96M,-0.63%
5/25/2021,21283,"20,512.10","21,450.60","20,445.10",8.92M,3.76%
5/24/2021,20512.1,"20,445.10","20,780.30","20,445.10",4.64M,0.33%
5/21/2021,20445.1,"20,311.00","20,713.20","20,177.00",5.07M,-1.29%
5/20/2021,20713.2,"20,646.20","20,780.30","20,445.10",6.82M,-1.44%
5/19/2021,21014.9,"20,880.80","21,383.60","20,880.80",7.24M,0.64%
5/18/2021,20880.8,"20,445.10","21,115.40","20,445.10",6.41M,2.98%
5/17/2021,20277.5,"19,841.80","20,445.10","19,707.70",9.35M,-0.98%
5/14/2021,20478.6,"21,249.50","21,283.00","20,277.50",12.98M,-3.93%
5/13/2021,21316.5,"21,450.60","21,785.80","21,182.50",7.25M,-0.31%
5/12/2021,21383.6,"20,914.30","21,450.60","20,813.80",10.38M,1.27%
5/11/2021,21115.4,"22,020.40","22,020.40","20,981.40",13.50M,-1.87%
5/10/2021,21517.6,"20,109.90","21,517.60","20,076.40",14.92M,7.00%
5/7/2021,20109.9,"18,534.70","20,143.50","18,534.70",12.52M,6.76%
5/6/2021,18836.3,"18,434.10","19,104.50","18,199.50",9.56M,1.81%
5/5/2021,18501.2,"18,735.80","19,003.90","18,434.10",7.68M,0.36%
5/4/2021,18434.1,"17,093.50","18,434.10","16,758.30",9.76M,5.77%
4/29/2021,17428.6,"17,361.60","17,629.70","17,194.00",5.76M,1.96%
4/28/2021,17093.5,"17,093.50","17,562.70","16,925.90",3.57M,0.99%
4/27/2021,16925.9,"16,490.20","17,227.50","15,953.90",4.66M,2.02%
4/26/2021,16590.7,"17,428.60","17,629.70","16,557.20",5.06M,-4.26%
4/23/2021,17328.1,"16,758.30","17,428.60","16,088.00",4.82M,2.99%
4/22/2021,16825.3,"17,830.80","18,031.90","16,825.30",9.54M,-6.69%
4/20/2021,18031.9,"18,702.30","18,769.30","17,830.80",14.13M,-0.37%
4/19/2021,18099,"17,428.60","18,166.00","17,093.50",8.18M,5.88%
4/16/2021,17093.5,"17,294.60","17,395.10","16,691.30",6.83M,0.59%
4/15/2021,16992.9,"16,590.70","17,127.00","16,490.20",8.91M,2.63%
4/14/2021,16557.2,"16,088.00","16,624.20","16,054.40",6.48M,1.65%
4/13/2021,16289.1,"16,691.30","16,724.80","16,255.50",7.47M,-2.21%
4/12/2021,16657.7,"16,691.30","16,691.30","16,490.20",6.17M,0.81%
4/9/2021,16523.7,"16,222.00","16,624.20","16,222.00",5.02M,1.23%
4/8/2021,16322.6,"16,490.20","16,490.20","16,155.00",3.69M,0.41%
4/7/2021,16255.5,"15,953.90","16,289.10","15,819.80",5.43M,2.32%
4/6/2021,15886.9,"16,121.50","16,121.50","15,719.30",5.25M,-1.46%
4/5/2021,16121.5,"16,088.00","16,121.50","15,652.20",6.94M,1.05%
4/2/2021,15953.9,"16,222.00","16,289.10","15,953.90",4.63M,-0.83%
4/1/2021,16088,"16,054.40","16,155.00","15,953.90",5.78M,0.42%
3/31/2021,16020.9,"15,886.90","16,356.10","15,685.80",9.29M,2.80%
3/30/2021,15585.2,"15,149.50","15,618.70","15,082.50",7.24M,3.33%
3/29/2021,15082.5,"14,780.80","15,082.50","14,646.70",5.67M,3.21%
3/26/2021,14613.2,"14,546.20","14,814.30","13,741.80",5.88M,0.46%
3/25/2021,14546.2,"14,613.20","14,747.30","14,345.10",3.78M,0.00%
3/24/2021,14546.2,"14,747.30","15,015.40","14,278.10",6.51M,-3.77%
3/23/2021,15116,"15,350.60","15,652.20","14,613.20",9.67M,-2.59%
3/22/2021,15518.2,"15,752.80","15,752.80","15,283.60",5.03M,0.00%
3/19/2021,15518.2,"15,082.50","15,652.20","15,082.50",5.34M,2.21%
3/18/2021,15183,"14,881.40","15,283.60","14,881.40",6.65M,2.95%
3/17/2021,14747.3,"14,713.80","14,881.40","14,613.20",5.56M,0.23%
3/16/2021,14713.8,"14,479.20","14,881.40","14,479.20",7.64M,1.39%
3/15/2021,14512.7,"14,613.20","14,613.20","14,345.10",5.92M,-0.69%
3/12/2021,14613.2,"14,948.40","14,948.40","14,345.10",7.68M,-0.91%
3/11/2021,14747.3,"14,412.10","14,780.80","14,278.10",9.92M,2.09%
3/10/2021,14445.6,"14,479.20","14,546.20","14,077.00",10.31M,0.23%
3/9/2021,14412.1,"14,512.70","15,216.50","14,144.00",10.45M,-0.69%
3/8/2021,14512.7,"13,875.90","14,512.70","13,574.20",15.61M,6.91%
3/5/2021,13574.2,"13,138.50","13,674.80","13,004.40",8.38M,1.76%
3/4/2021,13339.6,"13,741.80","13,741.80","12,937.40",11.06M,-1.73%
3/3/2021,13574.2,"12,602.20","13,674.80","12,501.70",14.79M,6.02%
3/2/2021,12803.3,"12,937.40","13,071.50","12,568.70",9.87M,1.33%
3/1/2021,12635.8,"12,635.80","12,635.80","12,334.10",12.40M,6.80%
2/26/2021,11831.4,"10,993.40","11,831.40","10,892.90",22.55M,6.97%
2/25/2021,11060.5,"10,993.40","11,094.00","10,892.90",6.37M,1.23%
2/24/2021,10926.4,"11,194.50","11,194.50","10,725.30",6.36M,-1.21%
2/23/2021,11060.5,"11,027.00","11,161.00","10,926.40",5.25M,0.92%
2/22/2021,10959.9,"11,127.50","11,261.60","10,825.90",6.12M,0.93%
2/19/2021,10859.4,"10,390.10","11,027.00","10,323.10",8.03M,3.19%
2/18/2021,10524.2,"10,524.20","10,758.80","10,457.20",3.53M,-1.26%
2/17/2021,10658.3,"10,189.00","10,658.30","10,189.00",4.21M,6.00%
2/9/2021,10055,"9,786.80","10,122.00","9,652.80",3.04M,2.74%
2/8/2021,9786.8,"10,222.60","10,323.10","9,619.30",5.25M,-5.20%
2/5/2021,10323.1,"10,122.00","10,390.10","10,122.00",3.80M,0.65%
2/4/2021,10256.1,"10,256.10","10,490.70","10,021.50",4.46M,0.33%
2/3/2021,10222.6,"9,786.80","10,222.60","9,585.70",7.08M,5.54%
2/2/2021,9686.3,"9,384.60","9,786.80","9,284.10",7.38M,0.00%
2/1/2021,9686.3,"10,323.10","10,725.30","9,686.30",7.10M,-6.77%
1/29/2021,10390.1,"9,451.70","10,758.80","9,418.20",7.45M,2.99%
1/28/2021,10088.5,"10,122.00","10,457.20","10,088.50",8.74M,-6.81%
1/27/2021,10825.9,"11,060.50","11,496.20","10,725.30",7.25M,-5.00%
1/26/2021,11395.6,"11,931.90","12,032.50","11,127.50",7.93M,-3.41%
1/25/2021,11797.8,"11,094.00","11,864.90","11,060.50",12.16M,6.34%
1/22/2021,11094,"10,926.40","11,295.10","10,926.40",7.49M,1.53%
1/21/2021,10926.4,"10,792.30","10,993.40","10,457.20",6.48M,5.16%
1/20/2021,10390.1,"10,591.20","10,859.40","9,887.40",4.80M,-1.90%
1/19/2021,10591.2,"11,328.60","11,395.60","10,457.20",8.00M,-5.67%
1/18/2021,11228.1,"11,060.50","11,395.60","10,926.40",9.08M,3.40%
1/15/2021,10859.4,"10,859.40","11,027.00","10,825.90",6.62M,0.94%
1/14/2021,10758.8,"10,792.30","10,859.40","10,691.80",3.31M,-0.31%
1/13/2021,10792.3,"11,027.00","11,027.00","10,758.80",5.32M,-1.23%
1/12/2021,10926.4,"10,725.30","11,094.00","10,591.20",9.88M,2.84%
1/11/2021,10624.8,"10,725.30","10,725.30","10,524.20",4.91M,-0.31%
1/8/2021,10658.3,"10,859.40","10,993.40","10,658.30",6.25M,-0.62%
1/7/2021,10725.3,"10,524.20","10,859.40","10,457.20",6.66M,0.63%
1/6/2021,10658.3,"10,758.80","10,825.90","10,624.80",5.86M,-0.62%
1/5/2021,10725.3,"10,725.30","10,959.90","10,557.70",6.69M,0.00%
1/4/2021,10725.3,"10,256.10","10,758.80","10,155.50",13.12M,6.67%
12/31/2020,10055,"9,987.90","10,055.00","9,820.40",4.21M,1.35%
12/30/2020,9920.9,"10,088.50","10,122.00","9,887.40",5.96M,-1.66%
12/29/2020,10088.5,"10,189.00","10,256.10","10,088.50",5.33M,-0.99%
12/28/2020,10189,"10,390.10","10,457.20","10,055.00",7.03M,0.33%
12/25/2020,10155.5,"10,122.00","10,222.60","9,786.80",8.36M,-0.33%
12/24/2020,10189,"10,390.10","10,390.10","9,652.80",6.97M,-0.65%
12/23/2020,10256.1,"10,490.70","10,725.30","10,122.00",7.56M,0.66%
12/22/2020,10189,"9,987.90","10,323.10","9,853.90",8.58M,2.01%
12/21/2020,9987.9,"10,189.00","10,256.10","9,820.40",7.49M,0.34%
12/18/2020,9954.4,"9,790.20","10,020.10","9,790.20",7.17M,1.00%
12/17/2020,9855.9,"9,855.90","10,184.40","9,658.70",8.58M,1.70%
12/16/2020,9691.6,"9,560.20","9,691.60","9,428.80",7.16M,2.43%
12/15/2020,9461.6,"9,461.60","9,593.00","9,297.40",8.43M,-1.03%
12/14/2020,9560.2,"9,658.70","9,724.50","9,560.20",8.35M,1.04%
12/11/2020,9461.6,"9,100.20","9,461.60","8,968.80",7.76M,5.11%
12/10/2020,9001.7,"9,363.10","9,395.90","8,936.00",12.89M,-3.86%
12/9/2020,9363.1,"9,264.50","9,724.50","9,133.10",8.72M,0.71%
12/8/2020,9297.4,"9,198.80","9,395.90","8,968.80",7.87M,1.43%
12/7/2020,9166,"8,640.30","9,166.00","8,607.50",10.93M,6.90%
12/4/2020,8574.6,"8,213.20","8,673.20","8,049.00",11.52M,5.67%
12/3/2020,8114.7,"7,884.70","8,180.40","7,720.40",8.29M,4.22%
12/2/2020,7786.1,"7,917.50","8,016.10","7,720.40",6.10M,-2.07%
12/1/2020,7950.4,"7,556.20","7,983.30","7,523.30",6.76M,2.11%
11/30/2020,7786.1,"8,081.80","8,114.70","7,753.30",5.92M,-2.87%
11/27/2020,8016.1,"8,344.60","8,344.60","7,983.30",9.98M,0.83%
11/26/2020,7950.4,"7,424.80","7,950.40","7,096.20",9.64M,6.61%
11/25/2020,7457.6,"7,753.30","7,786.10","7,457.60",5.86M,-2.99%
11/24/2020,7687.6,"7,786.10","7,950.40","7,457.60",8.39M,-0.85%
11/23/2020,7753.3,"7,424.80","8,049.00","7,424.80",10.27M,0.43%
11/20/2020,7720.4,"7,917.50","7,917.50","7,654.70",9.42M,-3.69%
11/19/2020,8016.1,"7,851.80","8,443.20","7,556.20",9.98M,0.41%
11/18/2020,7983.3,"7,819.00","7,983.30","7,621.90",16.25M,6.58%
11/17/2020,7490.5,"7,194.80","7,490.50","7,194.80",12.23M,6.54%
11/16/2020,7030.5,"6,570.60","7,030.50","6,537.70",14.37M,7.00%
11/13/2020,6570.6,"6,537.70","6,767.70","6,504.90",5.69M,1.63%
11/12/2020,6465.4,"6,458.90","6,465.40","6,373.50",12.20M,6.96%
11/11/2020,6044.9,"5,650.70","6,044.90","5,631.00",12.30M,6.98%
11/10/2020,5650.7,"5,769.00","5,769.00","5,644.10",2.03M,-0.23%
11/9/2020,5663.8,"5,486.40","5,677.00","5,479.90",3.79M,3.48%
11/6/2020,5473.3,"5,479.90","5,493.00","5,420.70",2.36M,-0.12%
11/5/2020,5479.9,"5,558.70","5,585.00","5,453.60",2.45M,-1.42%
11/4/2020,5558.7,"5,585.00","5,611.30","5,525.90",1.75M,0.48%
11/3/2020,5532.4,"5,585.00","5,631.00","5,519.30",2.18M,0.00%
11/2/2020,5532.4,"5,387.90","5,545.60","5,387.90",1.40M,2.68%
10/30/2020,5387.9,"5,585.00","5,585.00","5,387.90",3.58M,-1.20%
10/29/2020,5453.6,"5,519.30","5,585.00","5,256.50",3.29M,-2.01%
10/28/2020,5565.3,"5,815.00","5,815.00","5,532.40",4.90M,-4.08%
10/27/2020,5801.8,"5,782.10","5,893.80","5,782.10",6.10M,1.49%
10/26/2020,5716.4,"5,709.80","5,782.10","5,703.30",4.03M,0.12%
10/23/2020,5709.8,"5,683.50","5,801.80","5,677.00",2.92M,0.58%
10/22/2020,5677,"5,683.50","5,696.70","5,585.00",1.78M,-0.46%
10/21/2020,5703.3,"5,887.20","5,887.20","5,690.10",3.12M,-2.03%
10/20/2020,5821.5,"5,716.40","5,880.70","5,690.10",5.09M,2.31%
10/19/2020,5690.1,"5,644.10","5,696.70","5,624.40",2.90M,1.17%
10/16/2020,5624.4,"5,585.00","5,663.80","5,565.30",3.06M,1.18%
10/15/2020,5558.7,"5,585.00","5,644.10","5,545.60",2.37M,0.24%
10/14/2020,5545.6,"5,624.40","5,624.40","5,519.30",2.84M,-1.40%
10/13/2020,5624.4,"5,631.00","5,637.60","5,598.10",2.24M,-0.12%
10/12/2020,5631,"5,749.30","5,749.30","5,585.00",3.75M,-0.92%
10/9/2020,5683.5,"5,585.00","5,782.10","5,453.60",5.65M,2.37%
10/8/2020,5552.1,"5,532.40","5,585.00","5,506.10",3.34M,0.36%
10/7/2020,5532.4,"5,420.70","5,663.80","5,420.70",5.99M,1.81%
10/6/2020,5433.9,"5,440.40","5,486.40","5,414.20",3.37M,0.00%
10/5/2020,5433.9,"5,420.70","5,519.30","5,420.70",4.10M,0.24%
10/2/2020,5420.7,"5,519.30","5,532.40","5,249.90",4.49M,-1.43%
10/1/2020,5499.6,"5,552.10","5,558.70","5,493.00",4.05M,0.00%
9/30/2020,5499.6,"5,453.60","5,552.10","5,269.60",3.92M,0.36%
9/29/2020,5479.9,"5,650.70","5,663.80","5,466.70",5.98M,-2.45%
9/28/2020,5617.8,"5,552.10","5,637.60","5,519.30",4.58M,1.91%
9/25/2020,5512.7,"5,552.10","5,558.70","5,387.90",5.06M,0.96%
9/24/2020,5460.1,"5,269.60","5,565.30","5,223.60",6.79M,3.87%
9/23/2020,5256.5,"5,223.60","5,289.30","5,217.00",2.55M,0.63%
9/22/2020,5223.6,"5,256.50","5,295.90","5,210.50",4.44M,-0.75%
9/21/2020,5263,"5,309.00","5,387.90","5,263.00",3.64M,0.00%
9/18/2020,5263,"5,223.60","5,289.30","5,217.00",3.46M,0.75%
9/17/2020,5223.6,"5,223.60","5,335.30","5,157.90",5.24M,0.25%
9/16/2020,5210.5,"5,210.50","5,243.30","5,177.60",3.31M,0.00%
9/15/2020,5210.5,"5,256.50","5,309.00","5,190.80",4.22M,0.38%
9/14/2020,5190.8,"5,085.60","5,217.00","5,059.30",4.71M,3.27%
9/11/2020,5026.5,"5,065.90","5,131.60","5,013.40",2.18M,-1.04%
9/10/2020,5079.1,"5,144.80","5,157.90","5,079.10",2.12M,-0.77%
9/9/2020,5118.5,"4,993.60","5,138.20","4,927.90",2.11M,2.10%
9/8/2020,5013.4,"4,960.80","5,052.80","4,954.20",2.10M,1.19%
9/7/2020,4954.2,"4,862.20","5,151.30","4,862.20",4.89M,1.89%
9/4/2020,4862.2,"4,862.20","4,901.70","4,809.70",1.92M,-1.33%
9/3/2020,4927.9,"4,993.60","5,026.50","4,868.80",4.02M,-0.66%
9/1/2020,4960.8,"4,914.80","5,006.80","4,868.80",3.05M,1.07%
8/31/2020,4908.2,"4,927.90","5,019.90","4,888.50",2.69M,-0.40%
8/28/2020,4927.9,"4,822.80","5,046.20","4,809.70",2.92M,2.18%
8/27/2020,4822.8,"4,862.20","4,868.80","4,796.50",1.68M,-0.81%
8/26/2020,4862.2,"4,546.80","4,868.80","4,546.80",4.87M,6.78%
8/25/2020,4553.4,"4,599.40","4,606.00","4,546.80",1.63M,0.00%
8/24/2020,4553.4,"4,599.40","4,612.50","4,553.40",2.61M,0.00%
8/21/2020,4553.4,"4,468.00","4,553.40","4,468.00",1.32M,1.17%
8/20/2020,4500.8,"4,533.70","4,533.70","4,481.10",984.60K,-0.58%
8/19/2020,4527.1,"4,546.80","4,586.30","4,527.10",1.37M,-0.43%
8/18/2020,4546.8,"4,435.10","4,579.70","4,435.10",3.36M,1.76%
8/17/2020,4468,"4,454.90","4,468.00","4,376.00",563.30K,2.10%
8/14/2020,4376,"4,441.70","4,468.00","4,362.90",1.08M,-1.48%
8/13/2020,4441.7,"4,487.70","4,487.70","4,435.10",1.45M,-0.59%
8/12/2020,4468,"4,468.00","4,566.60","4,448.30",819.70K,0.00%
8/11/2020,4468,"4,599.40","4,665.10","4,376.00",2.64M,-2.86%
8/10/2020,4599.4,"4,566.60","4,698.00","4,566.60",1.51M,0.72%
8/7/2020,4566.6,"4,533.70","4,645.40","4,468.00",1.43M,1.17%
8/6/2020,4514,"4,514.00","4,533.70","4,435.10",1.11M,0.00%
8/5/2020,4514,"4,270.90","4,514.00","4,270.90",1.96M,5.69%
8/4/2020,4270.9,"4,270.90","4,402.30","4,257.70",1.57M,0.00%
8/3/2020,4270.9,"4,139.50","4,303.70","4,073.80",2.12M,5.01%
7/31/2020,4067.2,"3,988.30","4,119.80","3,988.30",512.10K,-1.75%
7/30/2020,4139.5,"4,100.00","4,205.20","4,100.00",547.60K,0.96%
7/29/2020,4100,"4,172.30","4,172.30","4,014.60",1.22M,-2.50%
7/28/2020,4205.2,"3,778.10","4,205.20","3,778.10",1.67M,4.92%
7/27/2020,4008.1,"4,014.60","4,172.30","4,008.10",2.95M,-6.87%
7/24/2020,4303.7,"4,632.30","4,632.30","4,303.70",3.81M,-6.96%
7/23/2020,4625.7,"4,671.70","4,684.80","4,599.40",846.50K,-0.98%
7/22/2020,4671.7,"4,645.40","4,730.80","4,645.40",526.30K,0.57%
7/21/2020,4645.4,"4,671.70","4,698.00","4,566.60",1.24M,-0.56%
7/20/2020,4671.7,"4,737.40","4,763.70","4,671.70",1.54M,-1.39%
7/17/2020,4737.4,"4,730.80","4,763.70","4,711.10",969.00K,0.14%
7/16/2020,4730.8,"4,796.50","4,796.50","4,730.80",886.40K,-0.69%
7/15/2020,4763.7,"4,770.20","4,829.40","4,757.10",1.15M,-0.14%
7/14/2020,4770.2,"4,829.40","4,829.40","4,763.70",730.90K,-0.82%
7/13/2020,4809.7,"4,776.80","4,835.90","4,770.20",631.20K,0.69%
7/10/2020,4776.8,"4,822.80","4,849.10","4,757.10",1.34M,-1.09%
7/9/2020,4829.4,"4,829.40","4,895.10","4,822.80",1.32M,0.00%
7/8/2020,4829.4,"4,895.10","4,901.70","4,829.40",1.21M,-1.34%
7/7/2020,4895.1,"4,862.20","4,941.10","4,862.20",2.65M,1.78%
7/6/2020,4809.7,"4,829.40","4,849.10","4,763.70",1.27M,1.38%
7/3/2020,4744,"4,763.70","4,763.70","4,724.20",1.02M,0.00%
7/2/2020,4744,"4,763.70","4,829.40","4,730.80",1.26M,-0.41%
7/1/2020,4763.7,"4,632.30","4,803.10","4,632.30",1.87M,1.54%
6/30/2020,4691.4,"5,105.30","5,105.30","4,665.10",2.42M,-5.80%
6/29/2020,4980.5,"5,065.90","5,092.20","4,862.20",2.83M,-3.56%
6/26/2020,5164.5,"5,210.50","5,249.90","5,151.30",2.98M,-0.76%
6/25/2020,5203.9,"5,059.30","5,256.50","4,980.50",3.47M,1.93%
6/24/2020,5105.3,"5,223.60","5,223.60","5,105.30",2.08M,-0.39%
6/23/2020,5125.1,"5,256.50","5,256.50","5,111.90",3.66M,-2.01%
6/22/2020,5230.2,"5,249.90","5,335.30","5,190.80",2.66M,-0.38%
6/19/2020,5249.9,"5,302.50","5,302.50","5,190.80",1.78M,2.04%
6/18/2020,5144.8,"5,105.30","5,164.50","5,072.50",1.78M,0.77%
6/17/2020,5105.3,"5,059.30","5,256.50","5,059.30",2.62M,0.00%
6/16/2020,5105.3,"5,164.50","5,164.50","5,046.20",2.34M,0.91%
6/15/2020,5059.3,"5,387.90","5,387.90","5,059.30",3.73M,-5.06%
6/12/2020,5328.7,"5,026.50","5,328.70","5,006.80",5.87M,0.12%
6/11/2020,5322.2,"5,493.00","5,657.30","5,322.20",6.13M,-3.34%
6/10/2020,5506.1,"5,479.90","5,525.90","5,420.70",5.22M,-0.24%
6/9/2020,5519.3,"5,519.30","5,585.00","5,381.30",5.35M,1.08%
6/8/2020,5460.1,"5,387.90","5,499.60","5,381.30",6.14M,3.49%
6/5/2020,5276.2,"5,059.30","5,348.40","5,033.10",6.61M,4.02%
6/4/2020,5072.5,"5,184.20","5,184.20","5,072.50",4.64M,-1.41%
6/3/2020,5144.8,"5,164.50","5,171.00","5,072.50",3.37M,-0.38%
6/2/2020,5164.5,"5,243.30","5,243.30","5,118.50",4.01M,-1.13%
6/1/2020,5223.6,"5,059.30","5,243.30","5,059.30",5.43M,3.52%
5/29/2020,5046.2,"5,065.90","5,125.10","5,046.20",3.89M,-0.39%
5/28/2020,5065.9,"5,059.30","5,138.20","5,059.30",3.58M,-0.13%
5/27/2020,5072.5,"5,085.60","5,138.20","5,046.20",6.40M,-0.13%
5/26/2020,5079.1,"5,190.80","5,190.80","5,033.10",3.88M,0.39%
5/25/2020,5059.3,"4,993.60","5,197.30","4,973.90",5.80M,3.49%
5/22/2020,4888.5,"4,829.40","4,901.70","4,763.70",7.93M,4.20%
5/21/2020,4691.4,"4,730.80","4,757.10","4,665.10",2.49M,-0.42%
5/20/2020,4711.1,"4,790.00","4,796.50","4,599.40",1.66M,-1.65%
5/19/2020,4790,"4,862.20","4,934.50","4,783.40",3.89M,0.42%
5/18/2020,4770.2,"4,625.70","4,849.10","4,500.80",4.15M,3.71%
5/15/2020,4599.4,"4,750.50","4,776.80","4,533.70",3.44M,-3.45%
5/14/2020,4763.7,"4,776.80","4,934.50","4,698.00",2.20M,-0.27%
5/13/2020,4776.8,"4,500.80","4,809.70","4,500.80",6.15M,6.13%
5/12/2020,4500.8,"4,369.40","4,520.60","4,290.60",4.41M,3.01%
5/11/2020,4369.4,"4,376.00","4,533.70","4,303.70",1.98M,-0.15%
5/8/2020,4376,"4,468.00","4,487.70","4,376.00",2.89M,-1.63%
5/7/2020,4448.3,"4,402.30","4,487.70","4,376.00",2.93M,1.81%
5/6/2020,4369.4,"4,303.70","4,382.60","4,290.60",2.37M,1.53%
5/5/2020,4303.7,"4,303.70","4,533.70","4,290.60",1.77M,0.00%
5/4/2020,4303.7,"4,244.60","4,362.90","4,205.20",3.37M,1.23%
4/29/2020,4251.2,"4,205.20","4,270.90","4,152.60",2.53M,-1.97%
4/28/2020,4336.6,"4,468.00","4,468.00","4,205.20",1.82M,-0.90%
4/27/2020,4376,"4,336.60","4,376.00","4,270.90",4.24M,6.90%
4/24/2020,4093.5,"3,935.80","4,093.50","3,843.80",4.36M,6.86%
4/23/2020,3830.6,"3,962.10","3,962.10","3,804.40",1.11M,3.18%
4/22/2020,3712.4,"3,423.30","3,738.70","3,423.30",1.90M,6.21%
4/21/2020,3495.5,"3,613.80","3,646.70","3,489.00",1.40M,-6.17%
4/20/2020,3725.5,"3,804.40","3,830.60","3,508.70",1.10M,-1.22%
4/17/2020,3771.5,"3,837.20","3,837.20","3,732.10",1.35M,0.35%
4/16/2020,3758.4,"3,646.70","3,843.80","3,613.80",936.56K,1.78%
4/15/2020,3692.7,"3,778.10","3,778.10","3,679.50",1.35M,2.18%
4/14/2020,3613.8,"3,449.60","3,653.20","3,377.30",1.66M,5.77%
4/13/2020,3416.7,"3,305.00","3,482.40","3,305.00",640.09K,0.00%
4/10/2020,3416.7,"3,521.80","3,521.80","3,285.30",717.91K,-1.33%
4/9/2020,3462.7,"3,357.60","3,548.10","3,357.60",785.05K,2.33%
4/8/2020,3383.8,"3,370.70","3,403.60","3,252.40",1.38M,0.19%
4/7/2020,3377.3,"3,416.70","3,548.10","3,370.70",776.38K,-0.58%
4/6/2020,3397,"3,219.60","3,397.00","3,219.60",3.21M,6.82%
4/3/2020,3180.2,"3,088.20","3,219.60","3,048.70",840.53K,4.76%
4/1/2020,3035.6,"2,877.90","3,088.20","2,877.90",1.33M,5.00%
3/31/2020,2891.1,"3,035.60","3,199.90","2,891.10",799.17K,-6.38%
3/30/2020,3088.2,"3,035.60","3,219.60","3,022.50",876.74K,-4.08%
3/27/2020,3219.6,"3,127.60","3,416.70","3,127.60",602.24K,0.00%
3/26/2020,3219.6,"3,114.50","3,245.90","3,081.60",1.80M,6.06%
3/25/2020,3035.6,"3,173.60","3,219.60","2,989.60",3.08M,-4.35%
3/24/2020,3173.6,"3,173.60","3,219.60","3,173.60",2.74M,-6.94%
3/23/2020,3410.1,"3,429.80","3,613.80","3,410.10",1.66M,-6.99%
3/20/2020,3666.4,"3,876.60","3,935.80","3,666.40",3.35M,-7.00%
3/19/2020,3942.3,"3,942.30","3,942.30","3,896.40",636.24K,0.00%
3/18/2020,3942.3,"4,277.40","4,277.40","3,942.30",2.69M,-1.64%
3/17/2020,4008.1,"3,712.40","4,040.90","3,712.40",225.89K,1.16%
3/16/2020,3962.1,"3,942.30","4,067.20","3,942.30",942.71K,-2.43%
3/13/2020,4060.6,"3,962.10","4,251.20","3,962.10",3.32M,-4.63%
3/12/2020,4257.7,"4,277.40","4,362.90","4,257.70",1.09M,-6.90%
3/11/2020,4573.1,"4,849.10","4,895.10","4,533.70",895.08K,-5.69%
3/10/2020,4849.1,"4,612.50","4,927.90","4,612.50",718.70K,-2.12%
3/9/2020,4954.2,"4,954.20","5,026.50","4,954.20",926.12K,-6.91%
3/6/2020,5322.2,"5,420.70","5,420.70","5,322.20",749.61K,-1.82%
3/5/2020,5420.7,"5,420.70","5,486.40","5,420.70",947.79K,0.36%
3/4/2020,5401,"5,420.70","5,453.60","5,401.00",1.27M,-0.84%
3/3/2020,5447,"5,447.00","5,552.10","5,440.40",1.06M,0.00%
3/2/2020,5447,"5,427.30","5,486.40","5,374.70",1.05M,0.00%
2/28/2020,5447,"5,591.60","5,591.60","5,427.30",749.58K,-2.59%
2/27/2020,5591.6,"5,466.70","5,611.30","5,427.30",1.74M,1.43%
2/26/2020,5512.7,"5,631.00","5,631.00","5,493.00",551.09K,-2.10%
2/25/2020,5631,"5,493.00","5,670.40","5,493.00",940.29K,0.00%
2/24/2020,5631,"5,493.00","5,775.50","5,493.00",779.75K,-2.61%
2/21/2020,5782.1,"5,913.50","5,926.70","5,709.80",586.27K,1.38%
2/20/2020,5703.3,"5,387.90","5,703.30","5,335.30",2.68M,6.90%
2/19/2020,5335.3,"5,335.30","5,453.60","5,335.30",463.18K,-0.12%
2/18/2020,5341.9,"5,282.70","5,381.30","5,282.70",1.19M,0.00%
2/17/2020,5341.9,"5,361.60","5,453.60","5,289.30",483.38K,-0.37%
2/14/2020,5361.6,"5,302.50","5,407.60","5,302.50",166.16K,-0.12%
2/13/2020,5368.2,"5,420.70","5,420.70","5,276.20",239.34K,0.37%
2/12/2020,5348.4,"5,276.20","5,427.30","5,276.20",329.69K,1.37%
2/11/2020,5276.2,"5,355.00","5,519.30","5,276.20",294.31K,-1.47%
2/10/2020,5355,"5,256.50","5,401.00","5,190.80",875.53K,1.49%
2/7/2020,5276.2,"5,368.20","5,440.40","5,236.70",322.57K,-1.71%
2/6/2020,5368.2,"5,190.80","5,420.70","5,151.30",573.65K,4.74%
2/5/2020,5125.1,"5,256.50","5,387.90","5,125.10",443.35K,-1.27%
2/4/2020,5190.8,"5,381.30","5,381.30","5,111.90",765.12K,-0.25%
2/3/2020,5203.9,"5,098.80","5,453.60","5,098.80",1.13M,-5.04%
1/31/2020,5479.9,"5,591.60","5,762.40","5,479.90",1.30M,-5.66%
1/30/2020,5808.4,"6,110.60","6,439.20","5,808.40",1.17M,-6.95%
1/22/2020,6242,"5,913.50","6,242.00","5,913.50",624.01K,3.26%
1/21/2020,6044.9,"5,631.00","6,051.50","5,631.00",1.01M,-0.11%
1/20/2020,6051.5,"6,419.50","6,498.30","6,051.50",2.89M,-6.97%
1/17/2020,6504.9,"6,504.90","6,570.60","6,360.30",1.04M,0.00%
1/16/2020,6504.9,"6,242.00","6,570.60","6,242.00",797.53K,4.21%
1/15/2020,6242,"5,880.70","6,242.00","5,880.70",1.47M,6.14%
1/14/2020,5880.7,"5,716.40","5,913.50","5,663.80",1.74M,2.29%
1/13/2020,5749.3,"5,913.50","5,946.40","5,650.70",1.59M,-2.23%
1/10/2020,5880.7,"5,815.00","5,913.50","5,657.30",1.72M,5.92%
1/9/2020,5552.1,"5,256.50","5,552.10","5,256.50",2.51M,6.69%
1/8/2020,5203.9,"5,079.10","5,210.50","4,901.70",1.59M,2.46%
1/7/2020,5079.1,"5,079.10","5,111.90","5,026.50",1.85M,0.00%
1/6/2020,5079.1,"4,987.10","5,118.50","4,868.80",691.53K,1.84%
1/3/2020,4987.1,"4,960.80","5,065.90","4,960.80",1.23M,2.85%
1/2/2020,4849.1,"4,468.00","4,849.10","4,468.00",1.50M,6.96%
12/31/2019,4533.7,"4,566.60","4,566.60","4,520.60",559.66K,0.00%
12/30/2019,4533.7,"4,533.70","4,599.40","4,468.00",536.00K,0.88%
12/27/2019,4494.3,"4,468.00","4,520.60","4,461.40",403.30K,0.88%
12/26/2019,4454.9,"4,599.40","4,599.40","4,382.60",464.99K,0.89%
12/25/2019,4415.4,"4,376.00","4,461.40","4,376.00",221.11K,0.90%
12/24/2019,4376,"4,336.60","4,448.30","4,310.30",914.83K,-0.15%
12/23/2019,4382.6,"4,435.10","4,533.70","4,382.60",1.80M,-1.91%
12/20/2019,4468,"4,448.30","4,592.80","4,448.30",688.72K,0.44%
12/19/2019,4448.3,"4,435.10","4,494.30","4,408.90",472.54K,0.30%
12/18/2019,4435.1,"4,303.70","4,527.10","4,303.70",1.08M,0.00%
12/17/2019,4435.1,"4,592.80","4,592.80","4,408.90",2.11M,-3.43%
12/16/2019,4592.8,"4,671.70","4,671.70","4,579.70",1.60M,-1.69%
12/13/2019,4671.7,"4,599.40","4,678.30","4,599.40",1.75M,1.72%
12/12/2019,4592.8,"4,546.80","4,612.50","4,546.80",741.04K,-0.14%
12/11/2019,4599.4,"4,566.60","4,632.30","4,553.40",1.69M,1.60%
12/10/2019,4527.1,"4,336.60","4,527.10","4,316.90",1.58M,6.00%
12/9/2019,4270.9,"4,185.50","4,303.70","4,132.90",878.04K,3.34%
12/6/2019,4132.9,"4,014.60","4,139.50","4,014.60",130.97K,1.45%
12/5/2019,4073.8,"4,172.30","4,172.30","4,054.00",91.22K,-0.32%
12/4/2019,4086.9,"4,073.80","4,139.50","4,073.80",271.80K,0.32%
12/3/2019,4073.8,"4,040.90","4,172.30","4,021.20",235.14K,1.64%
12/2/2019,4008.1,"3,981.80","4,008.10","3,975.20",407.85K,0.66%
11/29/2019,3981.8,"3,962.10","4,047.50","3,962.10",60.38K,-0.33%
11/28/2019,3994.9,"4,073.80","4,073.80","3,994.90",313.92K,-1.62%
11/27/2019,4060.6,"3,994.90","4,060.60","3,994.90",591.02K,1.98%
11/26/2019,3981.8,"4,034.30","4,034.30","3,942.30",464.27K,-0.66%
11/25/2019,4008.1,"3,981.80","4,014.60","3,975.20",554.69K,0.16%
11/22/2019,4001.5,"4,060.60","4,073.80","4,001.50",1.27M,-1.46%
11/21/2019,4060.6,"4,100.00","4,100.00","4,060.60",775.99K,-0.48%
11/20/2019,4080.3,"4,100.00","4,152.60","4,073.80",887.24K,-0.48%
11/19/2019,4100,"4,100.00","4,172.30","4,086.90",742.49K,0.00%
11/18/2019,4100,"4,073.80","4,132.90","4,073.80",1.08M,0.16%
11/15/2019,4093.5,"4,047.50","4,172.30","4,040.90",656.76K,-1.11%
11/14/2019,4139.5,"4,185.50","4,205.20","4,139.50",515.46K,-0.32%
11/13/2019,4152.6,"4,231.50","4,231.50","4,093.50",562.09K,-1.40%
11/12/2019,4211.7,"4,172.30","4,231.50","4,172.30",813.24K,0.94%
11/11/2019,4172.3,"4,198.60","4,205.20","4,139.50",298.20K,-0.32%
11/8/2019,4185.5,"4,165.70","4,198.60","4,139.50",434.61K,1.11%
11/7/2019,4139.5,"4,139.50","4,165.70","4,126.30",417.96K,0.48%
11/6/2019,4119.8,"3,975.20","4,126.30","3,975.20",334.43K,3.47%
11/5/2019,3981.8,"3,981.80","4,008.10","3,975.20",956.02K,0.00%
11/4/2019,3981.8,"4,034.30","4,034.30","3,975.20",219.04K,0.00%
11/1/2019,3981.8,"3,975.20","3,994.90","3,962.10",208.02K,0.17%
10/31/2019,3975.2,"3,994.90","4,067.20","3,975.20",614.56K,-0.17%
10/30/2019,3981.8,"3,942.30","3,994.90","3,942.30",309.00K,-0.33%
10/29/2019,3994.9,"4,040.90","4,073.80","3,994.90",252.82K,-1.30%
10/28/2019,4047.5,"4,073.80","4,106.60","4,021.20",174.63K,0.98%
10/25/2019,4008.1,"4,021.20","4,040.90","4,008.10",75.14K,-0.33%
10/24/2019,4021.2,"4,040.90","4,040.90","3,994.90",293.01K,0.82%
10/23/2019,3988.3,"3,942.30","4,139.50","3,942.30",191.66K,1.17%
10/22/2019,3942.3,"3,810.90","4,001.50","3,810.90",109.24K,3.45%
10/21/2019,3810.9,"3,837.20","3,837.20","3,712.40",243.48K,-0.69%
10/18/2019,3837.2,"3,863.50","3,863.50","3,830.60",244.07K,0.00%
10/17/2019,3837.2,"3,843.80","3,843.80","3,797.80",345.11K,0.17%
10/16/2019,3830.6,"3,824.10","3,837.20","3,804.40",453.04K,0.69%
10/15/2019,3804.4,"3,810.90","3,843.80","3,797.80",128.65K,-0.17%
10/14/2019,3810.9,"3,856.90","3,856.90","3,791.20",210.99K,0.00%
10/11/2019,3810.9,"3,824.10","3,876.60","3,804.40",737.61K,-0.35%
10/10/2019,3824.1,"3,863.50","3,876.60","3,791.20",360.85K,-0.17%
10/9/2019,3830.6,"3,850.40","3,870.10","3,810.90",655.81K,0.00%
10/8/2019,3830.6,"3,784.70","3,876.60","3,784.70",692.28K,0.00%
10/7/2019,3830.6,"3,837.20","3,837.20","3,778.10",670.77K,1.39%
10/4/2019,3778.1,"3,810.90","3,876.60","3,778.10",676.15K,0.00%
10/3/2019,3778.1,"3,725.50","3,797.80","3,692.70",1.16M,2.31%
10/2/2019,3692.7,"3,699.20","3,732.10","3,673.00",165.14K,0.54%
10/1/2019,3673,"3,705.80","3,712.40","3,659.80",170.94K,0.18%
9/30/2019,3666.4,"3,692.70","3,705.80","3,646.70",455.92K,-0.71%
9/27/2019,3692.7,"3,738.70","3,758.40","3,679.50",465.60K,-1.23%
9/26/2019,3738.7,"3,725.50","3,764.90","3,679.50",164.91K,0.35%
9/25/2019,3725.5,"3,804.40","3,810.90","3,718.90",240.54K,-1.39%
9/24/2019,3778.1,"3,810.90","3,810.90","3,778.10",151.83K,-0.17%
9/23/2019,3784.7,"3,804.40","3,870.10","3,784.70",200.49K,-0.69%
9/20/2019,3810.9,"3,764.90","3,876.60","3,764.90",472.77K,1.22%
9/19/2019,3764.9,"3,778.10","3,791.20","3,751.80",226.67K,0.00%
9/18/2019,3764.9,"3,778.10","3,778.10","3,738.70",558.72K,0.53%
9/17/2019,3745.2,"3,745.20","3,797.80","3,738.70",251.08K,-1.39%
9/16/2019,3797.8,"3,837.20","3,837.20","3,745.20",234.99K,-0.17%
9/13/2019,3804.4,"3,804.40","3,810.90","3,745.20",205.03K,0.00%
9/12/2019,3804.4,"3,771.50","3,804.40","3,764.90",258.52K,1.05%
9/11/2019,3764.9,"3,863.50","3,863.50","3,745.20",530.90K,-0.35%
9/10/2019,3778.1,"3,909.50","3,922.60","3,745.20",357.48K,-3.68%
9/9/2019,3922.6,"3,955.50","3,981.80","3,922.60",255.12K,-1.00%
9/6/2019,3962.1,"4,034.30","4,034.30","3,955.50",29.40K,0.00%
9/5/2019,3962.1,"4,008.10","4,021.20","3,962.10",419.31K,-0.49%
9/4/2019,3981.8,"4,040.90","4,054.00","3,975.20",754.09K,-1.46%
9/3/2019,4040.9,"4,086.90","4,139.50","4,040.90",266.96K,-2.07%
8/30/2019,4126.3,"4,113.20","4,152.60","4,106.60",244.76K,0.32%
8/29/2019,4113.2,"4,198.60","4,198.60","4,093.50",475.53K,0.00%
8/28/2019,4113.2,"4,224.90","4,224.90","4,113.20",554.40K,-2.34%
8/27/2019,4211.7,"4,264.30","4,264.30","4,185.50",160.47K,0.15%
8/26/2019,4205.2,"4,205.20","4,244.60","4,192.00",251.25K,-1.54%
8/23/2019,4270.9,"4,428.60","4,428.60","4,270.90",229.82K,-2.25%
8/22/2019,4369.4,"4,205.20","4,428.60","4,205.20",933.01K,3.42%
8/21/2019,4224.9,"4,139.50","4,238.00","4,139.50",176.21K,2.06%
8/20/2019,4139.5,"4,119.80","4,198.60","4,119.80",286.89K,0.48%
8/19/2019,4119.8,"4,178.90","4,238.00","4,113.20",611.78K,-1.41%
8/16/2019,4178.9,"4,284.00","4,284.00","4,178.90",357.16K,-1.70%
8/15/2019,4251.2,"4,336.60","4,336.60","4,251.20",350.71K,-0.46%
8/14/2019,4270.9,"4,218.30","4,435.10","4,218.30",1.05M,1.25%
8/13/2019,4218.3,"4,172.30","4,238.00","4,172.30",800.67K,1.10%
8/12/2019,4172.3,"4,198.60","4,205.20","4,106.60",225.27K,2.42%
8/9/2019,4073.8,"4,008.10","4,238.00","4,008.10",290.89K,1.47%
8/8/2019,4014.6,"4,008.10","4,034.30","4,008.10",301.25K,0.16%
8/7/2019,4008.1,"4,014.60","4,060.60","4,001.50",783.14K,-0.16%
8/6/2019,4014.6,"4,021.20","4,021.20","4,001.50",447.15K,0.16%
8/5/2019,4008.1,"4,008.10","4,034.30","4,008.10",707.57K,0.00%
8/2/2019,4008.1,"4,008.10","4,034.30","3,994.90",148.74K,-0.65%
8/1/2019,4034.3,"4,054.00","4,067.20","3,988.30",729.72K,0.99%
7/31/2019,3994.9,"3,975.20","4,027.80","3,975.20",210.74K,0.50%
7/30/2019,3975.2,"4,047.50","4,047.50","3,883.20",717.19K,-0.82%
7/29/2019,4008.1,"4,008.10","4,060.60","3,994.90",536.52K,0.00%
7/26/2019,4008.1,"4,034.30","4,060.60","4,008.10",342.14K,0.33%
7/25/2019,3994.9,"4,008.10","4,132.90","3,994.90",846.71K,0.33%
7/24/2019,3981.8,"4,034.30","4,034.30","3,981.80",120.15K,-0.82%
7/23/2019,4014.6,"3,994.90","4,040.90","3,994.90",132.32K,0.49%
7/22/2019,3994.9,"4,008.10","4,073.80","3,994.90",223.30K,-1.46%
7/19/2019,4054,"4,073.80","4,106.60","4,040.90",170.11K,-0.49%
7/18/2019,4073.8,"4,073.80","4,106.60","4,060.60",181.77K,0.00%
7/17/2019,4073.8,"4,080.30","4,106.60","4,067.20",103.32K,0.00%
7/16/2019,4073.8,"4,086.90","4,126.30","4,073.80",255.23K,-0.32%
7/15/2019,4086.9,"4,093.50","4,113.20","4,060.60",696.28K,0.00%
7/12/2019,4086.9,"4,139.50","4,146.00","4,086.90",657.00K,-1.27%
7/11/2019,4139.5,"4,146.00","4,205.20","4,073.80",396.82K,-0.63%
7/10/2019,4165.7,"4,165.70","4,238.00","4,119.80",529.66K,0.00%
7/9/2019,4165.7,"4,113.20","4,257.70","4,113.20",534.01K,1.28%
7/8/2019,4113.2,"4,257.70","4,270.90","4,113.20",2.02M,0.00%
7/5/2019,4113.2,"4,113.20","4,113.20","4,060.60",890.60K,1.30%
7/4/2019,4060.6,"4,073.80","4,198.60","4,040.90",1.52M,0.49%
7/3/2019,4040.9,"4,080.30","4,106.60","4,040.90",81.85K,-1.60%
7/2/2019,4106.6,"4,106.60","4,119.80","4,086.90",52.68K,0.00%
7/1/2019,4106.6,"4,172.30","4,192.00","4,106.60",163.14K,-1.73%
6/28/2019,4178.9,"4,152.60","4,198.60","4,073.80",193.87K,2.58%
6/27/2019,4073.8,"4,152.60","4,192.00","4,073.80",111.01K,-3.12%
6/26/2019,4205.2,"4,211.70","4,211.70","4,165.70",99.04K,-0.15%
6/25/2019,4211.7,"4,100.00","4,218.30","4,100.00",159.67K,2.72%
6/24/2019,4100,"4,086.90","4,159.20","4,086.90",143.31K,-0.64%
6/21/2019,4126.3,"4,238.00","4,244.60","4,054.00",287.71K,-2.94%
6/20/2019,4251.2,"4,336.60","4,356.30","4,251.20",269.24K,1.09%
6/19/2019,4205.2,"4,054.00","4,270.90","4,054.00",431.73K,4.92%
6/18/2019,4008.1,"4,021.20","4,021.20","3,994.90",161.48K,-0.33%
6/17/2019,4021.2,"3,975.20","4,047.50","3,975.20",64.50K,-0.32%
6/14/2019,4034.3,"4,080.30","4,080.30","4,034.30",113.59K,-0.65%
6/13/2019,4060.6,"4,113.20","4,113.20","4,060.60",127.73K,-1.12%
6/12/2019,4106.6,"4,106.60","4,106.60","4,073.80",95.50K,-0.32%
6/11/2019,4119.8,"4,100.00","4,139.50","4,100.00",88.93K,0.81%
6/10/2019,4086.9,"4,067.20","4,106.60","4,054.00",237.14K,1.63%
6/7/2019,4021.2,"4,021.20","4,040.90","4,008.10",34.76K,-0.16%
6/6/2019,4027.8,"4,073.80","4,073.80","3,994.90",77.66K,-0.16%
6/5/2019,4034.3,"3,981.80","4,100.00","3,981.80",140.49K,1.32%
6/4/2019,3981.8,"4,093.50","4,093.50","3,975.20",165.28K,0.17%
6/3/2019,3975.2,"4,014.60","4,119.80","3,975.20",140.04K,-2.26%
5/31/2019,4067.2,"4,086.90","4,126.30","4,067.20",200.91K,-1.12%
5/30/2019,4113.2,"4,139.50","4,146.00","4,060.60",144.88K,-0.64%
5/29/2019,4139.5,"4,073.80","4,139.50","4,040.90",108.92K,1.94%
5/28/2019,4060.6,"4,139.50","4,139.50","4,008.10",411.38K,2.49%
5/27/2019,3962.1,"4,146.00","4,198.60","3,962.10",415.58K,-4.44%
5/24/2019,4146,"4,139.50","4,159.20","4,093.50",274.33K,0.16%
5/23/2019,4139.5,"4,159.20","4,178.90","4,106.60",249.49K,-1.56%
5/22/2019,4205.2,"4,113.20","4,264.30","4,113.20",318.96K,2.40%
5/21/2019,4106.6,"4,139.50","4,139.50","4,093.50",90.89K,-0.95%
5/20/2019,4146,"4,152.60","4,152.60","4,073.80",154.24K,-0.16%
5/17/2019,4152.6,"4,198.60","4,205.20","4,080.30",114.26K,0.16%
5/16/2019,4146,"4,113.20","4,238.00","4,113.20",318.69K,0.16%
5/15/2019,4139.5,"4,139.50","4,152.60","4,100.00",149.88K,0.00%
5/14/2019,4139.5,"4,080.30","4,146.00","4,047.50",123.06K,1.45%
5/13/2019,4080.3,"4,060.60","4,126.30","4,008.10",492.51K,0.49%
5/10/2019,4060.6,"4,040.90","4,060.60","4,027.80",82.80K,0.49%
5/9/2019,4040.9,"4,027.80","4,060.60","4,001.50",96.44K,0.33%
5/8/2019,4027.8,"4,008.10","4,067.20","3,968.60",213.24K,0.49%
5/7/2019,4008.1,"4,139.50","4,139.50","4,008.10",350.96K,-2.40%
5/6/2019,4106.6,"4,159.20","4,238.00","4,106.60",411.05K,-4.58%
5/3/2019,4303.7,"4,224.90","4,356.30","4,224.90",269.05K,-0.15%
5/2/2019,4310.3,"4,146.00","4,310.30","4,146.00",1.24M,-2.96%
4/26/2019,4441.7,"4,408.90","4,461.40","4,369.40",340.19K,0.89%
4/25/2019,4402.3,"4,461.40","4,461.40","4,402.30",164.89K,-1.03%
4/24/2019,4448.3,"4,402.30","4,448.30","4,382.60",271.32K,1.65%
4/23/2019,4376,"4,369.40","4,468.00","4,369.40",302.63K,0.00%
4/22/2019,4376,"4,468.00","4,586.30","4,369.40",390.61K,-2.06%
4/19/2019,4468,"4,454.90","4,586.30","4,402.30",649.56K,1.19%
4/18/2019,4415.4,"4,382.60","4,468.00","4,290.60",875.79K,-1.61%
4/17/2019,4487.7,"4,737.40","4,790.00","4,468.00",758.72K,-5.27%
4/16/2019,4737.4,"4,862.20","4,862.20","4,724.20",377.86K,-2.44%
4/12/2019,4855.7,"4,862.20","4,895.10","4,835.90",321.88K,-0.80%
4/11/2019,4895.1,"4,842.50","4,895.10","4,776.80",468.65K,2.06%
4/10/2019,4796.5,"4,796.50","4,849.10","4,730.80",532.81K,0.00%
4/9/2019,4796.5,"5,006.80","5,059.30","4,665.10",1.06M,-4.20%
4/8/2019,5006.8,"4,993.60","5,157.90","4,993.60",844.69K,0.26%
4/5/2019,4993.6,"5,322.20","5,322.20","4,993.60",788.30K,-4.40%
4/4/2019,5223.6,"5,282.70","5,322.20","5,184.20",2.06M,2.05%
4/3/2019,5118.5,"4,803.10","5,118.50","4,763.70",2.65M,5.99%
4/2/2019,4829.4,"4,862.20","4,960.80","4,822.80",439.65K,0.00%
4/1/2019,4829.4,"4,796.50","4,829.40","4,757.10",740.49K,0.69%
3/29/2019,4796.5,"4,796.50","4,803.10","4,776.80",225.95K,0.00%
3/28/2019,4796.5,"4,730.80","4,829.40","4,711.10",595.01K,1.67%
3/27/2019,4717.7,"4,671.70","4,744.00","4,671.70",352.61K,0.70%
3/26/2019,4684.8,"4,619.10","4,684.80","4,619.10",162.91K,1.42%
3/25/2019,4619.1,"4,763.70","4,763.70","4,599.40",344.66K,-3.04%
3/22/2019,4763.7,"4,796.50","4,796.50","4,737.40",305.84K,0.56%
3/21/2019,4737.4,"4,776.80","4,829.40","4,730.80",280.94K,-1.37%
3/20/2019,4803.1,"4,757.10","4,849.10","4,750.50",744.15K,0.97%
3/19/2019,4757.1,"4,796.50","4,803.10","4,730.80",384.64K,-1.23%
3/18/2019,4816.2,"4,717.70","4,835.90","4,717.70",1.02M,2.37%
3/15/2019,4704.5,"4,796.50","4,796.50","4,665.10",679.97K,-1.92%
3/14/2019,4796.5,"4,796.50","4,829.40","4,770.20",653.43K,0.00%
3/13/2019,4796.5,"4,862.20","4,862.20","4,796.50",662.43K,0.27%
3/12/2019,4783.4,"4,921.40","4,921.40","4,783.40",1.19M,-1.22%
3/11/2019,4842.5,"4,763.70","4,921.40","4,763.70",381.99K,1.65%
3/8/2019,4763.7,"4,776.80","4,921.40","4,737.40",1.43M,-3.46%
3/7/2019,4934.5,"5,217.00","5,217.00","4,934.50",1.29M,-3.59%
3/6/2019,5118.5,"5,223.60","5,256.50","5,118.50",697.98K,-2.01%
3/5/2019,5223.6,"5,328.70","5,387.90","5,223.60",2.48M,0.00%
3/4/2019,5223.6,"5,256.50","5,289.30","5,125.10",1.92M,3.25%
3/1/2019,5059.3,"5,046.20","5,125.10","5,039.60",767.69K,0.00%
